note_id,note_url,search_keyword,title,author,likes,saves,comments,passes_engagement,route_excerpt,place_candidates,description_excerpt,review_status,checked_at
6a29471500000000060222c8,https://www.xiaohongshu.com/explore/6a29471500000000060222c8,杭州小众徒步路线,杭州15条徒步线路推荐｜从小白到毕业🧑‍🎓,是安公子呀,2250,3019,92,yes,[一R]湘湖老虎洞：历史人文古遗址，兼具湖光山色，新手入门shou选和亲子 | [二R]娘娘山环线：秋日景色蕞佳 + 湖光山色，《向往的生活》第七季拍摄地 | [三R]九溪十八涧环线：杭州经典入门线，溪谷 + 茶园风光，四季皆美,湘湖老虎洞 | 娘娘山环线 | 九溪十八涧环线 | 豆腐皮古道 | 西湖小猪线 | 西湖小松鼠线 | 鸬鸟山环线 | 午潮山小金刚 | 西湖爱心线 | [零R]西湖小猫线 | [一R]西湖Q马线 | [二R]西湖圣诞树线 | [三R]西湖心碎线 | [四R]西湖标毅线 | [五R]风浙线(疯浙线),"杭州徒步线路这几条大家都有走过吗？
手搓了以下15条热门线路，从零门槛友好到高阶毕业都有哦👇
	
[一R]湘湖老虎洞：历史人文古遗址，兼具湖光山色，新手入门shou选和亲子
[二R]娘娘山环线：秋日景色蕞佳 + 湖光山色，《向往的生活》第七季拍摄地
[三R]九溪十八涧环线：杭州经典入门线，溪谷 + 茶园风光，四季皆美
[四R]豆腐皮古道：亲子热门线，路况平缓，双水库 + 竹海 + 茶田 + 千年古道
[五R]西湖小猪线：轨迹形似憨态小猪，串联多处西湖景点，城野结合的治愈线
[六R]西湖小松鼠线：越野跑入门训练线，7 上 7 下路况丰富，比较有趣味性
[七R]鸬鸟山环线：杭州小武功山，坐拥高山草甸 + 山脊线 + 杜鹃花海
[八R]午潮山小金刚：轨迹酷似金刚，野路为主、爬升大的硬核进阶线
[九R]西湖爱心线：浪漫爱心轨迹，串联了西湖核心风光的轻度虐线
[一R][零R]西湖小猫线：轨迹似小猫，野路陡坡占比高，趣味与攀爬挑战并存
[一R][一R]西湖Q马线：马年热门打卡线，轨迹勾勒可爱小马，山水城景相融
[一R][二R]西湖圣诞树线：高强度硬核路线，野路占比较高，需翻越数十个山头
[一R][",needs_place_review,2026-09-30
69d79de6000000001b022367,https://www.xiaohongshu.com/explore/69d79de6000000001b022367,杭州小众徒步路线,杭州小哀牢山徒步攻略来了！！,孙大野,23000,34000,731,yes,,,#高精力友好旅行[话题]# #江浙沪周边游[话题]# #江浙沪周末游[话题]# #杭州[话题]#,needs_note_review,2026-09-30
6a9544400000000004028ed6,https://www.xiaohongshu.com/explore/6a9544400000000004028ed6,杭州小众徒步路线,🚶‍➡️杭州4条轻松景美路线｜新手徒步必看,泱泱去徒步了,419,613,36,yes,九溪公交车站九溪烟树➡️九溪十八涧➡️龙井村➡️十里琅珰➡️真际院➡️九溪公交车站 | 一条路线集齐钱塘江江边、溪谷瀑布、千年古寺、万亩茶园、山脊观景，风景层次多变 | 石舍村➡️茆坪村➡️邵家➡️百步街➡️芦茨村,九溪公交车站九溪烟树 | 九溪十八涧 | 龙井村 | 十里琅珰 | 真际院 | 九溪公交车站 | 石舍村 | 茆坪村 | 邵家 | 百步街 | 芦茨村,"🌄九溪环线
👣路程：约 11.5 公里
爬升：500米（前半段基本无爬升）
九溪公交车站九溪烟树➡️九溪十八涧➡️龙井村➡️十里琅珰➡️真际院➡️九溪公交车站
⏳耗时：约4小时
🍁亮点：
九溪烟树：晴天宝石蓝、雨天碧玉绿，搭配小瀑布，氛围感极强，必打卡拍照点
龙井村：满山梯田茶园，村子里茶铺林立
真际院：有杭州第一大银杏，秋天绝美
⭐️特色：
一条路线集齐钱塘江江边、溪谷瀑布、千年古寺、万亩茶园、山脊观景，风景层次多变
爬升集中在十里琅珰一段，其余多为平路、缓下坡，新手、休闲徒步都适配，全程无门票
	
🌄马岭古道
👣路程：约 10.8 公里
爬升：150米（整段基本无爬升）
石舍村➡️茆坪村➡️邵家➡️百步街➡️芦茨村
⏳耗时：约3小时
🚗自驾技巧：车停芦茨村，打车15r到石舍起点
🍁亮点：
""古村人文""、雨后光影、下水踩水、自然浓度拉满
	
🌄小猪线
👣路程：约 13.4 公里
爬升：650米
吴山广场地铁站D口➡️城隍阁➡️十二生肖石➡️江湖汇观亭（远眺西湖）➡️绿野仙踪➡️白蛇飞渡桥➡️杭州和孚精舍➡️凤凰山➡️老玉皇宫➡️八卦田遗址➡️紫来洞➡️月宝亭➡️九曜阁➡️南屏山➡️学",needs_place_review,2026-09-30
6a086053000000003802086f,https://www.xiaohongshu.com/explore/6a086053000000003802086f,杭州小众徒步路线,藏在杭州市区的绿野秘境-玉皇山步道🍃,金木_,1942,2660,80,yes,✨路线全程： | 吴山大观 → 江湖汇观亭 → 积义亭 | → 白蛇飞渡木栈道 → 凤凰山游步道,吴山大观 | 江湖汇观亭 | 积义亭 | 白蛇飞渡木栈道 | 凤凰山游步道,"杭州最适合新手的城市轻徒步
全程4小时左右，路况平缓不费腿
一路漫进整片绿野山林，治愈感直接拉满～
✨路线全程：
吴山大观 → 江湖汇观亭 → 积义亭
→ 白蛇飞渡木栈道 → 凤凰山游步道
→ 老玉皇宫（顺路吃一碗山野素面）
→ 紫来洞 → 山顶俯瞰八卦田
整条线几乎都被树荫包裹，
满眼郁郁葱葱，像闯入杭州版小哀牢，
林间秘境、悬空栈道、天然溶洞、千年古藤，
终点还能俯瞰震撼的南宋八卦田，
一边是山林清幽，一边是千年人文，一步一景。
	
💡出行小Tips
▪️新手、小白、亲子都能轻松走完，轻微强度爬升
▪️夏日山林蚊虫偏多，进山一定要带好驱蚊防护
▪️建议上午出发，避开午后暴晒，人少更出片
▪️沿途补给点不多，自带饮用水即可
	
不用远赴远方
在城市中心就能独享一整个山林的清净，
周末放空、散步吸氧，来玉皇山真的太合适了～
#杭州徒步[话题]# #五一出行问活人[话题]# #玉皇山徒步[话题]#
#寻找野生户外人[话题]# #杭州周末去哪儿[话题]# #杭州游玩攻略[话题]#
#城市轻徒步[话题]# #新手徒步路线[话题]# #杭州旅行[话题]#",needs_place_review,2026-09-30
69dcc1dd000000001a0260eb,https://www.xiaohongshu.com/explore/69dcc1dd000000001a0260eb,杭州小众徒步路线,杭州徒步封神线｜一天逛遍4个5A景🏔️,中午吃什么,4153,4975,235,yes,徒步天花板路线——九溪→龙井村→十里琅珰→五云山→云栖竹径🌿 | 🗺️ 路线详情（黄金分段版） | 1. 🌊 第一站：九溪→龙井村,徒步天花板路线——九溪 | 龙井村 | 十里琅珰 | 五云山 | 云栖竹径🌿 | 1. 🌊 第一站：九溪 | 🌊 第一站 | ☁️ 第二站 | 🌿第三站 | 九溪烟树 | 云栖竹径 | 全程石板路 | 上午9点前出发 | 别踩茶田！别乱扔垃圾,"徒步天花板路线——九溪→龙井村→十里琅珰→五云山→云栖竹径🌿
全程约11km，耗时3.5h，串联溪涧、古村、茶山、竹海四大地貌，不用去远方，就能解锁现实版绿野仙踪，新手也能轻松冲！
🗺️ 路线详情（黄金分段版）
1. 🌊 第一站：九溪→龙井村
从九溪公交站出发，先穿越林海亭，抵达九溪烟树——蓝绿色潭水搭配红枫，光影绝了！再往九溪十八涧走，溪水穿林过，每走几步就要踩石过河，夏天直接踩水降温超快乐～
一路走到龙井村，满街茶香，找家农家喝杯明前龙井，吃块桂花糕，补充体力再出发🍵
2. ☁️ 第二站：龙井村→十里琅珰山顶
穿过龙井村牌坊，正式开启爬山模式！全程千级台阶，越往上视野越开阔～登顶后俯瞰万亩茶园环形山谷，层层茶田铺满山岗，手机内存根本不够拍📸
3. 🌿第三站：十里琅珰→五云山→云栖竹径
从山顶往五云山走，路过真际寺，打卡千年古银杏（秋天金黄超绝）！再一路往下，钻进云栖竹径——成片翠竹遮天蔽日，《卧虎藏龙》同款竹林秘境，风吹竹叶沙沙响，治愈感拉满✨
📸 拍照出片点位
1. 九溪烟树：低角度拍潭水+红枫，用慢门拍溪流，秒变森系大片
2. 十里琅珰：茶田斜坡构图，广角拍茶田，氛围感拉满
3",needs_place_review,2026-09-30
6a968913000000000b00355d,https://www.xiaohongshu.com/explore/6a968913000000000b00355d,杭州小众徒步路线,杭州秋日徒步5条封神路线｜新手0难度,澜跑运动户外,168,384,5,no,,,,needs_note_review,2026-09-30
6a488d330000000021016fac,https://www.xiaohongshu.com/explore/6a488d330000000021016fac,杭州小众徒步路线,在杭州，我最喜欢的徒步路线出现了🍃（附攻略,南乔,1958,2138,98,yes,1️⃣ 九溪(公交站) | 2️⃣ 九溪十八涧 | 3️⃣ 杭州西湖风景名胜区-理安寺,⃣ 九溪(公交站) | ⃣ 九溪十八涧 | ⃣ 杭州西湖风景名胜区-理安寺 | ⃣ 龙井村 | ⃣ 十里琅珰 | ⃣ 真际院 | ⃣ 云栖竹径,"哈喽各位徒步搭子，
最近的杭州正值梅雨季🌧️
听溪水潺潺漫过石阶，雾气漫满整片茶园
就想去大自然汲取能量
一路上都被绿意所包裹
山野安静，喜欢大自然的生命力
新手走到龙井村这里就可以结束了
	
🗺️完整环线点位顺序：（全程11km 徒步6h）
1️⃣ 九溪(公交站)
2️⃣ 九溪十八涧
3️⃣ 杭州西湖风景名胜区-理安寺
（这里是理安寺，五六点亮灯、起水雾的时候超美）
4️⃣ 龙井村
5️⃣ 十里琅珰
6️⃣ 真际院
7️⃣ 云栖竹径
🍃九溪十八涧、理安寺都在前段沿溪路上
	
整条完整环线全程约11km，山脊十里琅珰石板路雨天湿滑，体力一般、怕滑的朋友走到龙井村直接坐公交返程就好，不用走完后半段山路
	
🌧️梅雨季徒步小贴士
✅ 雨后石板易滑，穿防滑登山鞋
✅ 山里蚊虫多，备好长裤+驱蚊液
✅ 理安寺傍晚拍照可带小手电
✅ 可以备些喜欢的零食水果，随时补给
✅ 十里琅珰湿滑，新手走到龙井村就返程
	
#小红书徒步山野[话题]# #不出远门去徒步[话题]# #一起去山林吸氧小众景点[话题]# #小众避暑地[话题]# #江浙沪周边游[话题]# #夏日溯溪[话题]# #小风光也有自己的旋律[",needs_place_review,2026-09-30
6a9e812600000000110320f1,https://www.xiaohongshu.com/explore/6a9e812600000000110320f1,杭州小众徒步路线,杭州懒人版徒步｜风景100 分，腿酸 0 分,在路上的麻酱,237,256,3,yes,我相信很多人想去徒步但是苦于路线之长，时间之久，身体之累，而且走到一半假如累的想回家，前不着村后不着店，只能硬着头皮走完，但是下面这6条路线，完全可以不应担心，作为一个资深懒人，我徒步的底线是——风景必须美，想走就可以走，想停就停，下面六条路线完全可以满足所有需求，走多走少看心情，不想走还可以坐车。 | 1️⃣西溪湿地慢游（西湖区） | 2️⃣西湖环湖精华段（西湖区）,⃣西溪湿地慢游（西湖区） | ⃣西湖环湖精华段（西湖区） | ⃣湘湖环湖绿道（萧山区） | ⃣太子湾-八卦田遗址（西湖区） | ⃣径山寺（余杭区） | ⃣青山湖环湖绿道（临安区）,"我相信很多人想去徒步但是苦于路线之长，时间之久，身体之累，而且走到一半假如累的想回家，前不着村后不着店，只能硬着头皮走完，但是下面这6条路线，完全可以不应担心，作为一个资深懒人，我徒步的底线是——风景必须美，想走就可以走，想停就停，下面六条路线完全可以满足所有需求，走多走少看心情，不想走还可以坐车。
	
懒人不配徒步，但我偏要。
	
1️⃣西溪湿地慢游（西湖区）
距离：5.13km｜时长：2h｜爬升：几乎无爬升
全程摇橹船+河边木栈道，不用爬任何坡。累了就坐下喝杯龙井茶，饿了上岸找农家乐。
推荐理由：杭州市区最近的湿地，地铁直达。附近有市集、咖啡车、摇橹船——可以全程不走路，只走路边木栈道。
	
2️⃣西湖环湖精华段（西湖区）
距离：5km｜时长：2-3h｜爬升：200m
全程平路，沿途咖啡车、便利店、洗手间密布，每走 500m 就有一个补给点。走累了直接坐景区公交车。
推荐理由：杭州""懒人徒步""第一名，沿途断桥、平湖秋月、苏堤、雷峰塔——风景密度极高，但全程不爬升。
	
3️⃣湘湖环湖绿道（萧山区）
距离：5km｜时长：2-3h｜爬升：几乎无爬升
环湖绿道全程平路，沿途有 4-5 个",needs_place_review,2026-09-30
6ab4921d000000001203efcb,https://www.xiaohongshu.com/explore/6ab4921d000000001203efcb,杭州小众徒步路线,地铁直达❗杭州最美游步道，后悔没早来❗,是灰灰呀,45,57,1,no,,,,needs_note_review,2026-09-30
6a97f3ed000000002502f202,https://www.xiaohongshu.com/explore/6a97f3ed000000002502f202,杭州小众徒步路线,听说这是老杭州人才知道的西湖小众徒步路线,小途的户外游记,102,189,2,no,,,,needs_note_review,2026-09-30
6aa431fe000000002902c638,https://www.xiaohongshu.com/explore/6aa431fe000000002902c638,龙坞茶山徒步路线,龙坞茶山徒步｜两条路线任选 🌿,伍戈Mr.Wu,120,206,9,no,,,,needs_note_review,2026-09-30
6a8ebea8000000002a03bf5e,https://www.xiaohongshu.com/explore/6a8ebea8000000002a03bf5e,龙坞茶山徒步路线,杭州龙坞山野徒步｜一半茶园，一半湖水 🍵🍃,困困鱼睡不醒,285,347,11,yes,📍地址：西湖区龙坞何家村·光明寺水库 | 🥾游玩路线 | ▫️拍照打卡路线,地址 | 步道包含部分泥土路面 | 山林蚊虫较多 | 夏季注意做好防晒,"藏在龙坞茶镇里的光明寺水库
被龙井茶园环绕，湖水和层叠茶田相映
适合周末短途散步、轻徒步🚶‍♀️
	
📍地址：西湖区龙坞何家村·光明寺水库
🎫门票：免费开放
⏰游玩时长：2‑3小时
	
🚗出行方式
▪️自驾：导航光明寺水库停车场，杭州城区出发约40分钟。
▪️公共出行：地铁6号线美院象山站出站后打车，约15分钟到达；公交班次较少，不优先推荐。
	
🥾游玩路线
▫️拍照打卡路线
停车场→水库大坝→山顶观景台，观景台可以完整看到水库与茶园全景，打卡后原路返回，体力消耗小。
▫️休闲环线（全程约3km）
何家村市集→水库大坝→茶山步道→光明亭→折返起点
	
「炒个茶部落」咖啡馆☕：
这个咖啡馆就在上山的路口处
特别建议徒步结束来坐坐～
整个装修是热带雨林的风格
真的很有夏天的氛围感🌴
	
🍱吃喝补给
何家村有街边咖啡车、小吃以及农家餐馆。
山上没有小卖部，徒步建议自备饮用水和少量零食。
	
⚠️出行注意
1.步道包含部分泥土路面，不建议穿凉鞋、皮鞋。
2.山林蚊虫较多，建议备好驱蚊用品。
3.夏季注意做好防晒。
	
✅温馨提醒：
因为上山的路有两条
走左边：如果想俯瞰茶山和绿水池
走右边：想",needs_place_review,2026-09-30
69e3b17e000000002103bfa2,https://www.xiaohongshu.com/explore/69e3b17e000000002103bfa2,龙坞茶山徒步路线,龙坞茶村休闲徒步路线：光明寺水库小环线,sowhatever🌾,158,284,18,no,,,,needs_note_review,2026-09-30
6a841ed80000000005022f81,https://www.xiaohongshu.com/explore/6a841ed80000000005022f81,龙坞茶山徒步路线,杭州龙坞徒步｜茶园+水库双buff 新手友好🍵,Hiker在杭州,32,26,4,no,,,,needs_note_review,2026-09-30
69a1510d0000000028008d30,https://www.xiaohongshu.com/explore/69a1510d0000000028008d30,龙坞茶山徒步路线,杭州神仙徒步路线🚶新手也能轻松拿捏✨,团小建超会玩,460,598,2,yes,整理了4条新手友好的宝藏路线，每一条都美到窒息，收藏起来周末就冲！ | 📍路线：起点/终点 → 进善亭 → 半山亭 → 圣寿无疆 → 东坡洗砚池 → 道渊亭 → 径山寺 | 📍路线：西湖 → 梅家坞 → 十里琅珰 → 龙井村 → 狮峰,📍路线：起点/终点 | 进善亭 | 半山亭 | 圣寿无疆 | 东坡洗砚池 | 道渊亭 | 径山寺 | 📍路线：西湖 | 梅家坞 | 十里琅珰 | 龙井村 | 狮峰 | 路线,"杭州的春天，真的太适合徒步了！
整理了4条新手友好的宝藏路线，每一条都美到窒息，收藏起来周末就冲！
	
🌿 径山古道｜1小时轻徒步
	
📍路线：起点/终点 → 进善亭 → 半山亭 → 圣寿无疆 → 东坡洗砚池 → 道渊亭 → 径山寺
⏰时间：1小时 | 📏距离：2公里
✅推荐理由：
全程石阶路，难度超低，新手也能轻松驾驭。
沿途竹林茂密，空气里都是草木的清香，登顶径山寺还能祈福吃素斋，治愈感拉满。
	
🍵 龙井村｜2小时茶田吸氧
	
📍路线：西湖 → 梅家坞 → 十里琅珰 → 龙井村 → 狮峰
⏰时间：2小时 | 📏距离：4公里
✅推荐理由：
穿梭在层层叠叠的茶田之间，满眼都是治愈的绿色。
十里琅珰的石板路超适合拍照，走到狮峰还能俯瞰整个茶乡，春天来这里，连风都是茶香的。
	
🌳 九溪烟树｜2小时森林漫步
	
📍路线：九溪入口 → 九溪烟树 → 理安寺 → 杨梅岭 → 四眼井 → 满觉陇 → 石屋洞
⏰时间：2小时 | 📏距离：7公里
✅推荐理由：
被称为“杭州小九寨”，溪水潺潺，古树参天。
夏天来这里避暑超绝，秋天满觉陇的桂花飘香，每一步都像走在画里。
	
💚 龙坞茶园｜2-3小时湖",needs_place_review,2026-09-30
69b42ef5000000002800baf4,https://www.xiaohongshu.com/explore/69b42ef5000000002800baf4,龙坞茶山徒步路线,龙坞茶山徒步 把整个春天装进眼里,逛吃第一名,998,1256,71,yes,藏在杭州的治愈徒步路线。,,"藏在杭州的治愈徒步路线。
人少景美，万亩茶园尽收眼底春天就该这样慢慢走～
#治愈系风景[话题]# #令人难忘的景点[话题]# #我拍到的治愈画面[话题]# #旅游编辑部[话题]#  #我的人生旅途[话题]# #浪漫生活记录者[话题]# #交换春天[话题]# #杭州龙坞[话题]# #龙坞[话题]# #龙坞徒步[话题]#",needs_note_review,2026-09-30
6ab79b430000000015002dbc,https://www.xiaohongshu.com/explore/6ab79b430000000015002dbc,龙坞茶山徒步路线,杭州徒步｜龙坞西山6km轻徒步✅新手亲子友好,安安妈,7,10,2,no,,,,needs_note_review,2026-09-30
69cb746b000000001a0308e0,https://www.xiaohongshu.com/explore/69cb746b000000001a0308e0,龙坞茶山徒步路线,春日必徒|这应该是杭州茶香最浓郁的路线！,Fran不吃香菇,131,132,17,no,,,,needs_note_review,2026-09-30
6aa6bdea0000000012037721,https://www.xiaohongshu.com/explore/6aa6bdea0000000012037721,龙坞茶山徒步路线,杭州徒步🔥地铁直达｜小和山→午潮山穿越到龙,行业数智化转型,28,55,4,no,,,,needs_note_review,2026-09-30
69e9ea85000000001e00df55,https://www.xiaohongshu.com/explore/69e9ea85000000001e00df55,龙坞茶山徒步路线,杭州周末去哪？龙坞茶园| 万亩茶海,野生哈尔,30,17,12,no,,,,needs_note_review,2026-09-30
6aa6c8de000000002601ba93,https://www.xiaohongshu.com/explore/6aa6c8de000000002601ba93,龙坞茶山徒步路线,杭州1小时轻徒步⛰️ 龙坞茶山真的太治愈,itsme,46,69,15,no,,,,needs_note_review,2026-09-30
69b93855000000001a022e30,https://www.xiaohongshu.com/explore/69b93855000000001a022e30,龙坞茶山徒步路线,徒步vlog🍃龙坞茶山小环线🫶🏻春天上春山,徐大梨,1218,424,70,yes,发现一条超轻松的治愈徒步路线 | ☕️从有咖啡、农家乐、小吃的何家村市集开启路线,,"Hello大家[派对R]
发现一条超轻松的治愈徒步路线
🗺️何家村集市—光明寺水库—茶园—光明亭—山路—光明寺水库
☕️从有咖啡、农家乐、小吃的何家村市集开启路线
🌊途径翡翠绿的光明寺水库
🍃全程被万亩茶园环绕
长3.3公里，平路多，台阶少
👏🏻春日吸氧好去处
关键是人少景美
#交换春天[话题]# #ourspring[话题]# #树会知道春的来意[话题]# #一日徒步[话题]# #徒步圈[话题]# #上班不如上山[话题]##vlog[话题]# #小红书徒步山野[话题]# #光明寺水库[话题]# #杭州徒步[话题]# @自然薯 @摄影薯 @户外薯",needs_note_review,2026-09-30
69196e29000000000402bba9,https://www.xiaohongshu.com/explore/69196e29000000000402bba9,龙坞茶山徒步路线,龙坞徒步走路线,Pain,18,30,0,no,,,,needs_note_review,2026-09-30
69f19bf6000000001e00f016,https://www.xiaohongshu.com/explore/69f19bf6000000001e00f016,龙坞茶山徒步路线,环龙坞茶山徒步线路（超详细攻略）,green,42,28,5,no,,,,needs_note_review,2026-09-30
69f8ba54000000002202b06e,https://www.xiaohongshu.com/explore/69f8ba54000000002202b06e,龙坞茶山徒步路线,⛰️杭州龙坞｜光明寺水库亲子徒步攻略📍,问问我呀,3,9,2,no,,,,needs_note_review,2026-09-30
69de3bcd0000000021012249,https://www.xiaohongshu.com/explore/69de3bcd0000000021012249,龙坞茶山徒步路线,杭州徒步｜在龙坞，邂逅春日限定的错落有致,ian,116,100,26,no,,,,needs_note_review,2026-09-30
69ad72a0000000002801c713,https://www.xiaohongshu.com/explore/69ad72a0000000002801c713,龙坞茶山徒步路线,杭州龙坞治愈系徒步，被春天的檫树暖到了🌼,穗穗平安去哪玩,42,54,1,no,,,,needs_note_review,2026-09-30
69d67703000000001b0203ea,https://www.xiaohongshu.com/explore/69d67703000000001b0203ea,龙坞茶山徒步路线,光明寺水库环线｜藏在茶园里的春日慢时光,bb.,42,74,0,no,,,,needs_note_review,2026-09-30
69f4aa47000000001b021684,https://www.xiaohongshu.com/explore/69f4aa47000000001b021684,龙坞茶山徒步路线,🌿闯入森林的湖，是藏在山里的绿野仙踪,苗,6,3,2,no,,,,needs_note_review,2026-09-30
69b527c9000000002302756f,https://www.xiaohongshu.com/explore/69b527c9000000002302756f,龙坞茶山徒步路线,江浙沪亲子徒步|每周一山· 杭州龙坞环线🔥,二胎爸爸｜带娃徒步,55,95,3,no,,,,needs_note_review,2026-09-30
69aa37ee000000001d011d1c,https://www.xiaohongshu.com/explore/69aa37ee000000001d011d1c,杭州小众徒步路线,居然是杭州❗超震撼的无人徒步路线有点绝❗,无常📷,1187,1954,37,yes,🚶‍♂️徒步推荐路线： | 📍黄弹村出发，沿悬崖水渠行走，心跳加速的开端 | 📍探秘王殿遗址，穿越野猫岭古道,黄弹村出发 | 探秘王殿遗址 | 抵达石梯古村,"距离杭州市区仅一小时车程
竟藏着一处仿佛从古诗词里走出来的山水秘境
酷似“雁荡山”的奇秀风光，
让人一见倾心，连连惊叹。
.
✅亲子友好｜随处可戏水溯溪，夏日清凉满分
✅徒步天堂｜茂密竹林遮天蔽日，奇石怪岩相伴而行
✅雨后更惊艳｜云雾缭绕山间，飞瀑直下，壮观非凡
.
🌿漫步在无边竹海中，脚下是岁月打磨的毛石古道，古朴幽静，仿佛能洗去一身都市疲惫。
	
🧗‍♀️石梯天成，峭壁如削，步步攀升。从山脚仰望，宛如通往云端的阶梯；航拍视角下，更是震撼朋友圈的绝佳画面！
.
🚶‍♂️徒步推荐路线：
📍黄弹村出发，沿悬崖水渠行走，心跳加速的开端
📍探秘王殿遗址，穿越野猫岭古道
📍抵达石梯古村，每一程皆有故事，每一步皆是风景
.
🚗出行小贴士：
🔹建议自驾，导航“石梯山庄”可达，可开车上山，也可徒步
🔹更推荐步行上山，雨天路面湿滑，山路多悬崖，务必谨慎慢行
.
🌾徒步之余，别忘了探访常绿镇的文化底蕴——大章村是省级历史文化名村，古台门述说章氏荣光；
还有纸糊高照、常绿纸伞、板龙巡游、米粿飘香……非遗之美，等你来发现！
#旅游编辑部[话题]# #户外徒步[话题]# #徒步路线推荐[话题]# #每周一山[",needs_place_review,2026-09-30
69ef47da0000000022025398,https://www.xiaohongshu.com/explore/69ef47da0000000022025398,杭州小众徒步路线,杭州的这条线真的是绿野仙踪啊🌿,阿野gogogo,537,614,49,yes,✅路线：吴山广场（地铁7号线可直达）→城隍阁→万松书院→凤凰山→玉皇山→八卦田→九曜山→长桥公园→吴山广场,✅路线：吴山广场（地铁7号线可直达） | 城隍阁 | 万松书院 | 凤凰山 | 玉皇山 | 八卦田 | 九曜山 | 长桥公园 | 吴山广场,"西湖小猪线：用13km的脚步，在西湖群山里画一只小猪
一半山林野趣，一半西湖温柔
吴山的晨雾、玉皇山的绿意、八卦田的春景、长桥的湖光
一步一景全是杭州独有的浪漫
没有高强度爬坡，只有走走停停的治愈
风里都是茶香和草木香，抬头就是西湖全景
周末和朋友一起，用徒步解锁不一样的西湖
不挤人潮，独享山水慢时光～
✅路线：吴山广场（地铁7号线可直达）→城隍阁→万松书院→凤凰山→玉皇山→八卦田→九曜山→长桥公园→吴山广场
✅全程：13km｜累计爬升600m｜耗时4-6h
✅难度：★ 新手友好，带登山杖更轻松
✅必打卡：
▪️城隍阁：西湖+钱塘江双景同框
▪️八卦田：南宋皇家籍田，拍照巨出片
▪️九曜阁：西湖全景C位观景台
✅贴士：
▪️玉皇山门票10r，公园卡可免
▪️沿途补给超多，不用背大量干粮
▪️建议顺时针走，轨迹更标准
周末徒步选它，一次性解锁西湖山景+湖景+人文古迹！
#杭州徒步攻略[话题]# #西湖小猪线[话题]# #周末徒步[话题]# #江浙沪徒步[话题]# #杭州旅游[话题]# #五一杭州西边宝藏旅游地[话题]# #周末去哪儿[话题]# #树会知道春的来意[话题]# #树会知道春的",needs_place_review,2026-09-30
6aafa3a60000000029016c04,https://www.xiaohongshu.com/explore/6aafa3a60000000029016c04,杭州小众徒步路线,中秋不挤景区，去玉皇山踏秋,秋名山（徒步版）,75,93,0,no,,,,needs_note_review,2026-09-30
69eae3a90000000019032400,https://www.xiaohongshu.com/explore/69eae3a90000000019032400,杭州小众徒步路线,建议低能量的人走这条线🍃1h吸氧充电｜杭州,🍊鞠零零0.0,765,1002,69,yes,周末实测这条徒步路线真的超适合低能量人群！ | 🗺️路线在末图 | 📍 路线：白蛇飞渡桥 → 积义亭→ 林隐西庐,📍 路线：白蛇飞渡桥 | 积义亭 | 林隐西庐 | 路线,"周末实测这条徒步路线真的超适合低能量人群！
全程只需1h左右，小白也能轻松走🥾
🗺️路线在末图
不需要硬核登山，不需要暴走拉练，
主打一个慢悠悠晃悠，被绿色治愈🌿
📍 路线：白蛇飞渡桥 → 积义亭→ 林隐西庐
🅿️停车场：万松书院停车场（景区车位紧张，建议打🚗或🚌
📸 第一站：白蛇飞渡桥
一座S形的空中栈道，穿梭在森林树冠之间
像一条白蛇在绿海中游动🐍
随手一拍就是森系大片
🌲 第二站：积义亭
被誉为杭州版的绿野仙踪
四周被原始林木和藤蔓包围，含绿量100%
感觉像童话世界的树屋和熊洞
光影斑驳、苔痕遍布，像走进了宫崎骏的动画世界
远眺城隍阁，俯瞰钱塘江
感叹❗️杭州，你还有多少惊喜是朕不知道的！
	
💡 Tips：
✔️ 全程树荫覆盖率90%+，夏天也不怕晒
✔️ 夏天做好防蚊
✔️ 能量低的人走完积义亭就可以导航“林隐西庐”这边有下午茶，此处就可以打车🚕或者沿坡路下去就是河坊街吃吃吃了；
🗒️其他：还有能量的人可以顺着指示继续行至城隍阁、江河汇，俯瞰视角更棒，基本是2h左右的路线，日后再来更新
	
🌱 低能量人来杭州，一定要试试这条线
走走停停、频频拍拍，让身心被绿色重新充满电🔋
",needs_place_review,2026-09-30
6ab4aa0b000000001a023917,https://www.xiaohongshu.com/explore/6ab4aa0b000000001a023917,杭州小众徒步路线,杭州秋天赏桂最甜6km，桂花味的city walk🍂,爱折腾的老吴,860,972,54,yes,杭州秋天赏桂经典路线，我愿意称之为杭州秋天天花板！ | 💡徒步路线：石屋洞 → 满觉陇 → 汤屋 → 白鹤峰 → 杨梅岭 → 理安寺 → 九溪烟树 | 地铁 3 号线黄龙洞站 B 口→转 87 路赏桂专线→石屋洞站下，返程从九溪公交站坐车，不走回头路！,"💡徒步路线：石屋洞 | 满觉陇 | 汤屋 | 白鹤峰 | 杨梅岭 | 理安寺 | 九溪烟树 | 地铁 3 号线黄龙洞站 B 口 | 转 87 路赏桂专线 | 石屋洞站下，返程从九溪公交站坐车，不走回头路 | 亮点 | ⃣石屋洞｜江南庭院 + 唐代五百罗汉石刻 | ⃣满觉陇｜新西湖十景 ""满陇桂雨"" | ⃣汤屋｜千与千寻同款！像走进动画里的秘境 | ⃣白鹤峰秋千｜山顶荡个秋千 | ⃣杨梅岭｜茶山小村落","杭州秋天赏桂经典路线，我愿意称之为杭州秋天天花板！
	
💡徒步路线：石屋洞 → 满觉陇 → 汤屋 → 白鹤峰 → 杨梅岭 → 理安寺 → 九溪烟树
🗺️全程：约 6 公里｜3–4 小时（含拍照休息）
🚶强度：轻松徒步，前半段平路，后半段小爬坡
	
🚇怎么去：
地铁 3 号线黄龙洞站 B 口→转 87 路赏桂专线→石屋洞站下，返程从九溪公交站坐车，不走回头路！
	
📍亮点：
1️⃣石屋洞｜江南庭院 + 唐代五百罗汉石刻，免费，刚下车就闻到桂花香
2️⃣满觉陇｜新西湖十景 ""满陇桂雨""，7000 多棵桂树！路边桂花糕桂花酒安排
3️⃣汤屋｜千与千寻同款！像走进动画里的秘境，拍照巨出片
4️⃣白鹤峰秋千｜山顶荡个秋千，西湖 + 钱塘江同时收下，视野封神
5️⃣杨梅岭｜茶山小村落，乾隆送过茶叶的地方，在这里吃午饭歇脚
6️⃣理安寺｜藏在山里的千年古寺，350 年的老桂花树！现在改成茶餐厅
7️⃣九溪烟树｜徒步天花板！溪水茶园 + 小瀑布，绕湖一圈很治愈
[星R]小Tips:
9月底~10月上旬桂花开的最旺
拍照记得穿浅色系衣服，穿舒适的鞋子
周末人会非常多，建议早点过去
还是要带驱蚊产品，山里",needs_place_review,2026-09-30
69e76fca00000000220273c8,https://www.xiaohongshu.com/explore/69e76fca00000000220273c8,杭州小众徒步路线,杭州雨天徒步｜虎跑→九溪→云栖竹径（附攻略）,星海的看展日常,3264,3513,55,yes,雨天的杭州从不是游玩的阻碍，而是解锁江南秘境的最佳时机。避开人潮，循着虎跑、九溪到云栖竹径的徒步路线，穿行在烟雨笼罩的山林间，看泉水潺潺、茶园叠翠、翠竹成荫，沉浸式感受杭州独有的清幽诗意。 | 🗺️路线信息 | 🔁虎跑公园→九溪烟树→九溪十八涧→十里琅珰→云栖竹径,🔁虎跑公园 | 九溪烟树 | 九溪十八涧 | 十里琅珰 | 云栖竹径,"雨天的杭州从不是游玩的阻碍，而是解锁江南秘境的最佳时机。避开人潮，循着虎跑、九溪到云栖竹径的徒步路线，穿行在烟雨笼罩的山林间，看泉水潺潺、茶园叠翠、翠竹成荫，沉浸式感受杭州独有的清幽诗意。
·
🗺️路线信息
🔁虎跑公园→九溪烟树→九溪十八涧→十里琅珰→云栖竹径
🚶🏻‍♂️全程：约8-10公里
🕰️耗时：4-5小时（含拍照休息）
🌟难度：★★☆☆☆，路况平缓，雨天注意防滑
🚌交通
🔘起点：公交4路至「虎跑站」
⛔️终点：云栖竹径乘103/121路返回市区
·
✅虎跑公园
🎫门票：15元/人，公园年卡免费
🕰️时间：06:00-18:00
🔖简介：新西湖十景“虎跑梦泉”，以天下第三泉虎跑泉为核心，集泉文化、禅文化于一体。雨天水雾弥漫，可赏梦虎雕像、弘一法师纪念堂，品虎跑泉泡龙井茶。
📝个人体验：雨天入园更有氛围感，泉水叮咚声伴随细雨落在竹叶的节奏。沿途绿植茂密，雨打叶片的声音很治愈，禅意氛围拉满。
·
🌿九溪烟树
🎫门票：免费
🕰️时间：全天
🔖简介：九溪十八涧核心景观，九条溪水汇流成烟，茶园、溪流、古树交织。雨天水量充沛，烟雾缭绕，呈现“重重叠叠山，曲曲环环路”的诗意景致。
📝个人体验：",needs_place_review,2026-09-30
6a8ffe98000000001803c111,https://www.xiaohongshu.com/explore/6a8ffe98000000001803c111,杭州小众徒步路线,杭州6条秋日赏景徒步路线｜徒步新手必看,泱泱去徒步了,453,995,12,yes,​​路线​​：浴鹄湾公交车站→霁虹桥 →浴鹄湾 →乌龟潭 →三台山路 →茅家坞 →黛色参天亭 →上香古道 →郭庄公交车站 | ​​路线​​：灵隐东公交车站 →灵隐寺检票口 →法镜寺 →法净寺 →法喜寺 →上天竺公交车站 | ​​路线​​：杨梅岭公交车站 →理安寺 →九溪烟树 →林海亭 →九溪 →九溪公交车站,​​路线​​：浴鹄湾公交车站 | 霁虹桥 | 浴鹄湾 | 乌龟潭 | 三台山路 | 茅家坞 | 黛色参天亭 | 上香古道 | 郭庄公交车站 | ​​路线​​：灵隐东公交车站 | 灵隐寺检票口 | 法镜寺 | 法净寺 | 法喜寺 | 上天竺公交车站 | ​​路线​​：杨梅岭公交车站,"🌄上香古道——乌龟潭、浴鹄湾至茅家埠一带
👣路程：约 3 公里
​​路线​​：浴鹄湾公交车站→霁虹桥 →浴鹄湾 →乌龟潭 →三台山路 →茅家坞 →黛色参天亭 →上香古道 →郭庄公交车站
📈爬升：约40m
⏳耗时：约2.5 小时
🍁亮点：
黛色参天亭​​：临水而建的古亭，清晨拍晨雾倒影绝美
​​茅家埠茶园​​：穿过水域便是千亩茶园，远处可眺望北高峰
乌龟潭和浴鹄湾的秋色极美
	
🌄天竺古道——法镜寺、法净寺、法喜寺
👣路程：约 2.5 公里​​
​​路线​​：灵隐东公交车站 →灵隐寺检票口 →法镜寺 →法净寺 →法喜寺 →上天竺公交车站
⏳耗时：耗时 1.5 小时
🍁亮点：
秋日桂花飘落石阶，空气中都是禅意甜香
法喜寺山门前石阶和古道中段“桂雨亭”极为出片
	
🌄九溪—杨梅岭
👣路程：约 4 公里
​​路线​​：杨梅岭公交车站 →理安寺 →九溪烟树 →林海亭 →九溪 →九溪公交车站
📈爬升：约80m
⏳耗时：约2小时
🍁亮点：
早期红叶搭配丁达尔效应极为出片
一路南下基本不累，沿着溪流搭配红枫叶秋色极美
	
🌄径山古道—径山寺
👣路程：约 3 公里
完整环线10公里，需门票
​​路线​​",needs_place_review,2026-09-30
6a0bcb190000000007013387,https://www.xiaohongshu.com/explore/6a0bcb190000000007013387,杭州小众徒步路线,🍃杭州|8️⃣条徒步路线大合集✅,暴走村杭州站,13,6,0,no,,,,needs_note_review,2026-09-30
6a2aaa8c000000003502489b,https://www.xiaohongshu.com/explore/6a2aaa8c000000003502489b,杭州小众徒步路线,杭州天目山懒人徒步✨0废腿！新手小白直接冲,Lcy,1342,1035,84,yes,终于找到杭州最轻松的爬山路线 | 📍地点：杭州临安区｜天目山景区 | ✨省力封神路线（亲测最优）,地点 | 整条山路全程无小卖部 | 山里绿植多、巨多蚊子🦟 | 下山超级难打车,"终于找到杭州最轻松的爬山路线
上山沉浸式吸氧洗肺🌿下山直接坐车摆烂
新手、懒人、不爱暴走的宝子闭眼冲！！
📍地点：杭州临安区｜天目山景区
🚗交通超全攻略
▪️自驾
✅禅源寺停车场（强推！！）
10r畅停一天！就在登山口，少走很多冤枉路
❌景区免费停车场
省钱但距入口1km，大热天不推荐！
▪️公共交通
杭州高铁站出站直接打车到禅源寺
起点就在这里！！
顺路在庙里嗦一碗素面🍜
爬山前垫肚子刚刚好，仪式感拉满～
✨省力封神路线（亲测最优）
禅源寺 → 五里亭 → 大树王 → 龙凤尖停车场 → 景区公交下山
⏰耗时参考
上山慢悠悠逛风景：3–4h
下山懒人专属公交：仅30分钟
全程不累、不费膝盖，太适合周末放松！
⚠️重点避雷！！千万别卡点翻车
🔸下午14:00后禁止上山
🔸景区公交17:00准时停运
错过真的只能腿着下山！！
一定要早去！早去！！
📝真实走心小提醒
1. 整条山路全程无小卖部！！
水、饮料、小零食一定要自己背够
2. 山里绿植多、巨多蚊子🦟
防蚊液一定要带！！
3. 下山超级难打车
务必提前约好司机，别被困在山里！
满眼青山绿树，空气巨清新
远离城市喧嚣真的太治愈了💚
周末",needs_place_review,2026-09-30
6abbac12000000001303d488,https://www.xiaohongshu.com/explore/6abbac12000000001303d488,杭州小众徒步路线,杭州落地签｜半日赏桂徒步路线香到治愈🍂,何走走,7,17,1,no,,,,needs_note_review,2026-09-30
6aa0c346000000002802c08a,https://www.xiaohongshu.com/explore/6aa0c346000000002802c08a,杭州宝藏徒步路线,快来｜杭州徒步九溪-十里琅珰赏秋🍂,泱泱去徒步了,330,547,34,yes,🗺️徒步路线：九溪公交车站-九溪烟树-九溪十八涧-龙井村-十里琅珰-三分叉-真迹院-五云山-九溪公交站 | 1️⃣九溪烟树：溪水潺潺，打卡九溪瀑布 | 2️⃣九溪十八涧：溪水流淌的石子路，早起还有雾气，简直美飞了！,⃣九溪烟树 | ⃣九溪十八涧 | ⃣龙井村 | ⃣十里琅珰 | ⃣三分叉 | ⃣真迹院,"🗺️徒步路线：九溪公交车站-九溪烟树-九溪十八涧-龙井村-十里琅珰-三分叉-真迹院-五云山-九溪公交站
🚌交通：公交314路/308路到九溪公交站
⏰徒步时长：4-5h，全程约10km
🔺难度系数：🌟🌟🌟
🌟特色亮点：伴随溪流全程都是红叶，早上来搭配丁达尔效应，随手出片！！！
	
✅特色景点：
1️⃣九溪烟树：溪水潺潺，打卡九溪瀑布
2️⃣九溪十八涧：溪水流淌的石子路，早起还有雾气，简直美飞了！
3️⃣龙井村：到处充满茶香，可以品茶或中途休息
4️⃣十里琅珰：俯瞰满山茶园⚠️爬升坡度较大
5️⃣三分叉：属于最高点，可以俯瞰到西湖
6️⃣真迹院：门口有一棵1400多年的古银杏，秋天银杏叶落，遍地金黄，特别美
#十一户外漫游[话题]# #赏秋攻略howto[话题]# #赏秋[话题]# #中秋[话题]# #国庆旅游[话题]# #徒步[话题]# #九溪[话题]#",needs_place_review,2026-09-30
6a424fa80000000011013d5b,https://www.xiaohongshu.com/explore/6a424fa80000000011013d5b,杭州宝藏徒步路线,登杭州“小八达岭”，解锁2h轻徒步宝藏路线,周小柚,142,247,7,no,,,,needs_note_review,2026-09-30
6ab4eeb0000000001b031482,https://www.xiaohongshu.com/explore/6ab4eeb0000000001b031482,杭州宝藏徒步路线,满觉陇—九溪徒步路线｜赏桂徒步路线,陈小兆,972,1558,77,yes,6.6km轻徒步｜2-3小时 一路甜香到九溪 | 🚶♀️【路线】 | 四眼井公交站→石屋洞→下满觉陇→汤屋→白鹤峰→上满觉陇→杨梅岭→理安寺→九溪烟树→九溪公交站,四眼井公交站 | 石屋洞 | 下满觉陇 | 汤屋 | 白鹤峰 | 上满觉陇 | 杨梅岭 | 理安寺 | 九溪烟树 | 九溪公交站 | 6km轻徒步｜2-3小时 一路甜香到九溪 | ⃣ 石屋洞 | ⃣ 下满觉陇 | ⃣ 千与千寻同款汤屋 | ⃣ 白鹤峰 | ⃣ 上满觉陇,"杭州的秋天，是从满觉陇开始的。
6.6km轻徒步｜2-3小时 一路甜香到九溪
	
🚌【交通】
公交坐到四眼井/动物园站下车，这里也是徒步起点。
自驾可停少年儿童公园，周六日20元/小时
	
🚶♀️【路线】
四眼井公交站→石屋洞→下满觉陇→汤屋→白鹤峰→上满觉陇→杨梅岭→理安寺→九溪烟树→九溪公交站
1️⃣ 石屋洞
第一个赏桂点，庭院桂花树密集。
这里也是“烟霞三洞”中最古老的一洞，洞壁留着五代吴越国石佛浮雕和历代文人题刻。
2️⃣ 下满觉陇
“满陇桂雨”核心地带。沿路有、小集市、桂花做的糕点的，栾树开花，网红柿子树，边吃边逛。
3️⃣ 千与千寻同款汤屋
从下满觉陇75号上去，顺茶山旁小道往上，半山腰一栋瓦墙木构小楼就是。
📸最佳机位：继续沿茶山小道往上走，在半山腰回头拍，茶山和开满桂花的村落一起入镜。
4️⃣ 白鹤峰
沿台阶上山，山顶茶园有网红秋千，脚下大片茶山梯田，远处是西湖水光和杭州城轮廓。
5️⃣ 上满觉陇
打卡完白鹤峰，前往上满觉陇，一路都是甜甜的香味。
6️⃣ 杨梅岭
上满觉陇出来，后面基本走马路，约3公里到达。
沿山而建的茶村，几乎每家每户门口都种桂花。
7️⃣ 理安寺
从",needs_place_review,2026-09-30
6a6b2cb60000000006006d72,https://www.xiaohongshu.com/explore/6a6b2cb60000000006006d72,杭州宝藏徒步路线,藏在深山里的“大树王国”🌳|杭州,清山爱爬山,195,182,5,no,,,,needs_note_review,2026-09-30
6a5b2b1d000000000f03d358,https://www.xiaohongshu.com/explore/6a5b2b1d000000000f03d358,杭州宝藏徒步路线,周末别瞎逛‼️西湖徒步路线你选对了吗？,Hiker在杭州,59,35,5,no,,,,needs_note_review,2026-09-30
69e19608000000001a0204f8,https://www.xiaohongshu.com/explore/69e19608000000001a0204f8,杭州宝藏徒步路线,杭州市区玉皇山徒步路线，途径20+打卡点,Kris,239,297,25,yes,藏在杭州市中心的宝藏徒步路线，全程12公里，轻松不累，亲子宠物友好，打卡景点超过20个，拍照也很出片。感觉这条路线可以挤进江浙沪必走的徒步路线榜前十吧。 | 从上海出发南站坐高铁→(40分钟)杭州东站→地铁或打车到吴山广场 | P.S.我们走的是吴山广场起点的路线，适合早餐空腹坐高铁来，在起点附近商业街吃一顿brunch然后开始走全程12公里路线。还有另一种是反穿，可以直接打车到八卦田，从八卦田开始往上爬玉皇山。这个反穿路线好像就要买玉皇山10元门票，适合吃饱早饭出门，一路走完12公里，终点到晓霞弄河坊街饱餐一顿。,从上海出发南站坐高铁 | (40分钟)杭州东站 | 地铁或打车到吴山广场,"藏在杭州市中心的宝藏徒步路线，全程12公里，轻松不累，亲子宠物友好，打卡景点超过20个，拍照也很出片。感觉这条路线可以挤进江浙沪必走的徒步路线榜前十吧。
从上海出发南站坐高铁→(40分钟)杭州东站→地铁或打车到吴山广场
P.S.我们走的是吴山广场起点的路线，适合早餐空腹坐高铁来，在起点附近商业街吃一顿brunch然后开始走全程12公里路线。还有另一种是反穿，可以直接打车到八卦田，从八卦田开始往上爬玉皇山。这个反穿路线好像就要买玉皇山10元门票，适合吃饱早饭出门，一路走完12公里，终点到晓霞弄河坊街饱餐一顿。
	
主要路线: （也可反穿）
吴山广场地铁站→河坊街→鼓楼→晓霞弄（望仙阁网红机位）→沿青石板街走到吴山（百年油麻藤 绿野仙踪）→泼水观音→石佛院→积义亭（小哀牢山）→万松书院→白蛇飞渡桥→凤凰山→玉皇山→老玉皇宫（求姻缘 千年藤蔓网红机位）→紫来洞（洞内丁达尔效应，洞外俯瞰八卦田）→福星观（山顶 求财运事业学业 俯瞰西湖钱塘江 新白娘子取景地）→八卦田→水澄桥地铁站。
#杭州玉皇山[话题]# #杭州徒步路线[话题]# #杭州徒步[话题]# #杭州晓霞弄[话题]# #杭州河坊街[话",needs_place_review,2026-09-30
6a05df3d00000000350299b6,https://www.xiaohongshu.com/explore/6a05df3d00000000350299b6,杭州宝藏徒步路线,杭州小九寨🔥豆腐皮古道徒步保姆级攻略🍃,人间取景器,420,716,41,yes,我踩遍了周边山野，豆腐皮古道是我近期挖到的宝藏路线✨ | ✅【路线怎么选？3种玩法按需pick】 | 1. 竹林小径：仰拍竹林+低角度拍步道，用大光圈虚化前景，自带森系滤镜，晴天光影绝了,竹林小径 | 大垟坞水库（杭州小九寨） | 观景台 | 茶园段 | 古道石阶,"作为常年在杭州挖掘小众景点的摄影博主，
我踩遍了周边山野，豆腐皮古道是我近期挖到的宝藏路线✨
这条线，把竹林、翡翠湖、茶园、观景台一次性集齐，新手和体力不好的朋友也能轻松出片，全程无坑，看完直接出发👇
	
✅【路线怎么选？3种玩法按需pick】
👀看图2地图
• 懒人新手线：4.5km小环线，全程2h左右，不走回头路，竹林+水库+观景台全覆盖
• 进阶徒步线：8.7km大环线，穿越竹林+茶园+古道，全程4h+，适合喜欢沉浸式徒步的朋友
• 零徒步玩法：直接反走！导航到大垟坞水库，先拍“杭州小九寨”，再走10分钟竹林步道，全程平路，懒人友好
	
✅【导航&交通指南（避坑重点）】
• 自驾：直接搜「大垟坞水库停车场」，免费停车，周末早9点前到，晚了容易没车位
• 公共交通：不太方便，建议打车/自驾前往
• 补给：入口处有当地阿姨卖豆腐皮制品，记得带足水和零食（水很贵）
	
✅【我的私藏出片机位｜附实拍拍摄技巧】
1. 竹林小径：仰拍竹林+低角度拍步道，用大光圈虚化前景，自带森系滤镜，晴天光影绝了
2. 大垟坞水库（杭州小九寨）：俯拍水面倒影，用树叶/树枝做前景框架，拍出来像翡翠湖，建议上午",needs_place_review,2026-09-30
6944a2e2000000001e000fc4,https://www.xiaohongshu.com/explore/6944a2e2000000001e000fc4,杭州宝藏徒步路线,杭州最美徒步｜九溪五云山6.9km路线🍃,橙子喵喵,522,693,28,yes,在杭州，有一条经典的宝藏徒步路线：从九溪公交站出发，从五云山一路向上，下至龙井村，途中便经过超美的“十里琅珰”山脊。 | 本次路线从五云山上山，整体爬升和缓、台阶平缓，沿途可以看到连绵茶山与开阔山脊景色。即便在12月中旬，秋叶已落，满山茶园依然绿意层叠，风景不错。 | 📍 路线信息,路线信息,"在杭州，有一条经典的宝藏徒步路线：从九溪公交站出发，从五云山一路向上，下至龙井村，途中便经过超美的“十里琅珰”山脊。
本次路线从五云山上山，整体爬升和缓、台阶平缓，沿途可以看到连绵茶山与开阔山脊景色。即便在12月中旬，秋叶已落，满山茶园依然绿意层叠，风景不错。
	
🚗 导航定位：九溪（公交站）
	
📍 路线信息
✅ 路线：九溪（公交站） → 五云山 → 真际院 → 三分叉 → 龙井村
✅ 里程：约 6.9km
✅ 爬升：约 467m（坡度平缓，无连续陡阶）
✅ 用时：2-3h
✅ 适合人群：5岁以上、有基础徒步经验的家庭
✅ 轨迹参考：#9587167[话题]#
	
🌿 路线亮点
➊ 起点处视野开阔，有大片茶园与古樟树
➋ 全程以规整石阶为主，爬升分散，走起来不费力
➌ 途经真际院，院前有千年银杏（12月中旬叶子已落），可以在这里休息下
➍ 山脊段视野开阔，两侧是连绵的茶田，下山时也是满目茶树，绿意依然
➎ 下山直达龙井村，可在茶村中闲逛，用餐
	
📌 实用贴士
✔ 补给点位于九溪入口、真际院附近及龙井村，建议自带饮水
✔ 徒步入口、真际院旁、龙井村有卫生间，途中无其他设施
✔ 若体力",needs_place_review,2026-09-30
6ab90b77000000001c00d831,https://www.xiaohongshu.com/explore/6ab90b77000000001c00d831,杭州宝藏徒步路线,美得不像在杭州｜绿野仙踪徒步路线省流版,徐漫漫,29,22,10,no,,,,needs_note_review,2026-09-30
69b5596b000000001b0212f8,https://www.xiaohongshu.com/explore/69b5596b000000001b0212f8,龙坞茶山徒步路线,杭州龙坞茶山徒步攻略来啦🚗,生米米吖,195,301,7,no,,,,needs_note_review,2026-09-30
69a42f0b000000001a0341ce,https://www.xiaohongshu.com/explore/69a42f0b000000001a0341ce,龙坞茶山徒步路线,一起去徒步吧,Potatokids杭州滨江龙湖店,105,119,1,no,,,,needs_note_review,2026-09-30
69de4b4d000000002301ecad,https://www.xiaohongshu.com/explore/69de4b4d000000002301ecad,龙坞茶山徒步路线,杭州徒步～走！走！走！绝美龙坞古道,🐛🐔🐤,5,3,0,no,,,,needs_note_review,2026-09-30
692d61fb000000001e025431,https://www.xiaohongshu.com/explore/692d61fb000000001e025431,龙坞茶山徒步路线,杭州徒步天花板！这条环线把山野浪漫焊死了,清清,771,1270,90,yes,📍地址：西湖区西山国家森林公园（直接导航） | 🗺️路线：西山森林公园→鉴远亭→大洋坞水库→豆腐皮古道→飞凤岩观景台→挹翠亭→龙坞茶园→光明寺水库→返程 | #杭州徒步[话题]# #杭州周末去哪儿[话题]# #西山森林公园[话题]# #豆腐皮古道[话题]# #龙坞茶园[话题]# #光明寺水库[话题]# #杭州周边游[话题]# #徒步路线推荐[话题]# #户外吸氧[话题]# #城市逃离计划[话题]#,🗺️路线：西山森林公园 | 鉴远亭 | 大洋坞水库 | 豆腐皮古道 | 飞凤岩观景台 | 挹翠亭 | 龙坞茶园 | 光明寺水库 | 返程 | 地址,"终于冲了收藏N久的西山环线！森林、水库、古道、茶园一站式解锁，3.5h沉浸式吸氧，治愈感直接拉满💥
📍地址：西湖区西山国家森林公园（直接导航）
🎫门票：0元
🗺️路线：西山森林公园→鉴远亭→大洋坞水库→豆腐皮古道→飞凤岩观景台→挹翠亭→龙坞茶园→光明寺水库→返程
📌全程：8.42公里，耗时3h38min
	
起点：西山森林公园｜森系秘境开局🌱
下车就被茶山绿意撞满怀！步道往深处延伸，负氧离子爆棚，沿途有消防小屋、团建人群，取水点+公厕配套超全，细节拉满～ 爬一段石阶闯进茂密竹林🎋，清幽感直接拉满！
	
鉴远亭｜岔路补给站🚩
连通四个路口，认准“东坞山村”指示牌下坡，直达大洋坞水库～ 亭旁有简易补给点，歇脚补水超方便！
大洋坞水库｜山野翡翠yyds💚
美到失语😭！水质清透如碎翡翠，青山绿树倒映碧波，阳光碎光温柔到骨子里✨～ 步道平缓，坐下来吹风谈心，松弛感爆棚！
	
豆腐皮古道｜老杭州韵味拉满🌿
青石板+松软土路，两侧树林茂密🌳，阳光筛下碎影，清风穿林而过🍃，全程凉爽不晒～ 偶遇下山姐姐的善意叮嘱，山野温暖感max🥰～
	
飞凤岩观景台｜登顶治愈所有累⛰️
爬升超虐！长石阶+陡坡爬得直呼",needs_place_review,2026-09-30
6a0a94c90000000006030438,https://www.xiaohongshu.com/explore/6a0a94c90000000006030438,湘湖小众徒步路线,杭州湘湖🌟新十景🍃徒步环线攻略（2026最新）,肉肉肉肉肉老板,1450,1343,54,yes,1. 跨湖问史（跨湖桥/遗址博物馆） | 2. 湘堤卧波（湘湖长堤六桥） | 3. 湖心云影（湖中央水鸟+云影）,跨湖问史（跨湖桥/遗址博物馆） | 湘堤卧波（湘湖长堤六桥） | 湖心云影（湖中央水鸟+云影） | 纤道古风（古纤道/塘路） | 越堤夕照（越堤落日） | 湖中落雁（雁岛/水鸟） | 城山怀古（越王城遗址/点将台） | 湖桥拾梦（各式古桥） | 绿岛掬星（眉山岛/小岛） | 横塘棹歌（荷塘/湿地） | 精简版（时间不够选这个,"全程免费、地铁直达、新手友好、十景全覆盖、不累好出片。
✅ 湘湖新十景
1. 跨湖问史（跨湖桥/遗址博物馆）
2. 湘堤卧波（湘湖长堤六桥）
3. 湖心云影（湖中央水鸟+云影）
4. 纤道古风（古纤道/塘路）
5. 越堤夕照（越堤落日）
6. 湖中落雁（雁岛/水鸟）
7. 城山怀古（越王城遗址/点将台）
8. 湖桥拾梦（各式古桥）
9. 绿岛掬星（眉山岛/小岛）
10. 横塘棹歌（荷塘/湿地）
🚶 最佳路线｜十景串联大环线（12km，3.5–4h）
难度：★★☆☆☆ 几乎全平，少量缓坡，老少皆宜
起点：地铁1号线「湘湖站」C口（0km）
出站即湖，免费入园
补给：便利店、卫生间齐全
全程湖边+树荫，几乎无暴晒
爬升仅150m，新手完全不累
📍 精简版（时间不够选这个：6km，2h）
湘湖站 → 跨湖桥 → 湘堤 → 城山广场 → 越堤 → 回到地铁站
覆盖80%精华+城山全景+日落
📅 最佳时间 & 季节
全年适合，3–5月（春）、9–11月（秋）最舒服
夏天：荷花+树荫避暑，必走荷花庄段
日落：17:00–18:00 越堤/城山看夕阳最佳
雨天：湖面烟雨，氛围感强，但路滑穿防滑鞋
🎒",needs_place_review,2026-09-30
69db65b7000000001a034fa8,https://www.xiaohongshu.com/explore/69db65b7000000001a034fa8,湘湖小众徒步路线,湘湖老虎洞徒步2026年最全保姆级攻略和路线,疯狂木兔🐰,289,453,36,yes,🚶🏽‍♀️路线：汤家井社区警务室—癞子山—华眉山—老虎洞山—莲华古寺—财神殿—越王路—汤堰路—汤家井社区警务室 | 🗺️路线概述： | 1⃣️入口。虽定位明确是汤家井社区警务室，但实际到的时候易产生错觉这不是目的地，因为这个楼没有挂警务室的牌子，请认准这个楼，对面是两侧竹篱笆的路（P2P3P5),️入口。虽定位明确是汤家井社区警务室 | ️上山路不会走错 | ️下山的路走8分钟左右 | ️因施工 | ️沿路继续向前走 | ️沿越王路一直走,"野路不野，但趣味十足，可一路俯瞰湘湖，景色秀美。
🅿️停车：导航定位“汤家井社区警务室”，到警务室位置后，在警务室东边100米左右，有个“白马湖农庄园”的蓝色牌子，牌子旁边的一排可停车(P4)，不是路边，它在路边里面的步道里面的位置，据说是不会贴罚单的，不是官方说法，仅供参考。
⚠️停路边会被贴条，千万不要随意停。
🚇地铁公交不方便，若坐地铁，建议到“聚才路”站D口，然后打车到汤家井社区警务室。
🚶🏽‍♀️路线：汤家井社区警务室—癞子山—华眉山—老虎洞山—莲华古寺—财神殿—越王路—汤堰路—汤家井社区警务室
👟距离：8.5公里左右
⏳用时：3小时左右
⛰️海拔：218米
🎒准备：水，登山杖，防滑的鞋子（防滑很重要）
🗺️路线概述：
上山：土路-石头路
下山：台阶-水泥路
⚠️易走错的地方
1⃣️入口。虽定位明确是汤家井社区警务室，但实际到的时候易产生错觉这不是目的地，因为这个楼没有挂警务室的牌子，请认准这个楼，对面是两侧竹篱笆的路（P2P3P5)
2⃣️上山路不会走错，主要是土路和石头路，路左侧能看到湘湖，一路走到山顶上，有个电线杆（P6），这是重要地标，认准这个杆子，从右后方的路下山。",needs_place_review,2026-09-30
68fb56d50000000004013e45,https://www.xiaohongshu.com/explore/68fb56d50000000004013e45,湘湖小众徒步路线,湘湖老虎洞徒步路线,陈小兆,624,855,51,yes,湘湖老虎洞7公里小众环线徒步全攻略：硬核开场→山脊漫步→邂逅“小瑞士”→探秘古寺｜免费停车+亲子首选。拯救无聊周末2小时就能走完！#周末去哪儿[话题]# #户外徒步[话题]# #亲子游玩好去处[话题]# #杭州旅游[话题]# #一周一山[话题]# #老虎洞[话题]# #湘湖[话题]# #西湖[话题]# #徒步路线推荐[话题]# #户外[话题]#,湘湖老虎洞7公里小众环线徒步全攻略：硬核开场 | 山脊漫步 | 邂逅“小瑞士”,湘湖老虎洞7公里小众环线徒步全攻略：硬核开场→山脊漫步→邂逅“小瑞士”→探秘古寺｜免费停车+亲子首选。拯救无聊周末2小时就能走完！#周末去哪儿[话题]# #户外徒步[话题]# #亲子游玩好去处[话题]# #杭州旅游[话题]# #一周一山[话题]# #老虎洞[话题]# #湘湖[话题]# #西湖[话题]# #徒步路线推荐[话题]# #户外[话题]#,needs_place_review,2026-09-30
6a901b470000000029028869,https://www.xiaohongshu.com/explore/6a901b470000000029028869,湘湖小众徒步路线,杭州小众徒步路线🍃二十分钟俯瞰湘湖全景,早起的漫游指南,115,123,10,no,,,,needs_note_review,2026-09-30
6a7ca3790000000006005d60,https://www.xiaohongshu.com/explore/6a7ca3790000000006005d60,湘湖小众徒步路线,湘湖老虎洞山保姆级徒步 vlog,洋芋晴子,142,117,29,no,,,,needs_note_review,2026-09-30
691954b0000000001b021332,https://www.xiaohongshu.com/explore/691954b0000000001b021332,湘湖小众徒步路线,📍湘湖小众亲子爬山路线,风一样的阿Duo🎶,118,156,10,no,,,,needs_note_review,2026-09-30
69f99091000000001f006e70,https://www.xiaohongshu.com/explore/69f99091000000001f006e70,湘湖小众徒步路线,湘湖➡️最美小众徒步路线先照寺,南肖,15,31,2,no,,,,needs_note_review,2026-09-30
6a13f3fc0000000008001210,https://www.xiaohongshu.com/explore/6a13f3fc0000000008001210,湘湖小众徒步路线,下雨天☔️湘湖徒步｜被美住了,知支,50,53,5,no,,,,needs_note_review,2026-09-30
692644be000000001d03b401,https://www.xiaohongshu.com/explore/692644be000000001d03b401,湘湖小众徒步路线,秋天的湘湖美到封神 小环线13公里徒步路线,RICKY向阳,298,352,33,yes,推荐路线：湘湖路西山游步道起步→ 景观亭→ 观景台→ 石栈道→ 先照寺→ 一览亭先照寺牌坊→ 湖山广场→ 杨堤→ 越王路→ 竹坞探幽→ 卧薪尝胆遗址→ 望湖亭→ 枕流桥→ 引鹭桥→ 湘浦观鱼，全程13公里，用时约5小时,推荐路线：湘湖路西山游步道起步 | 景观亭 | 观景台 | 石栈道 | 先照寺 | 一览亭先照寺牌坊 | 湖山广场 | 杨堤 | 越王路 | 竹坞探幽 | 卧薪尝胆遗址 | 望湖亭 | 枕流桥 | 引鹭桥 | 湘浦观鱼，全程13公里，用时约5小时,"推荐湘湖，真的太美了！湖光山色美不胜收，还可踏足越王勾践遗址，真的很棒，是一次不虚此行的旅行。
交通：地铁1号线湘湖站C口换公交701路到湘浦观鱼下或骑单车导航10分钟到。自驾也可定位到湘浦观鱼，附近有停车位。
	
推荐路线：湘湖路西山游步道起步→ 景观亭→ 观景台→ 石栈道→ 先照寺→ 一览亭先照寺牌坊→ 湖山广场→ 杨堤→ 越王路→ 竹坞探幽→ 卧薪尝胆遗址→ 望湖亭→ 枕流桥→ 引鹭桥→ 湘浦观鱼，全程13公里，用时约5小时
	
打卡Tips:
✅沿着湘湖西山游步道走到观景台登高望远，湘湖美景一览无余
✅先照寺：继续游步道走到山顶的先照寺，寺庙免门票，寺前是最佳观湖景区
✅湖山广场：从山区蜿蜒公路下山去往湖山广场，近距离观湘湖景色
✅杨堤：沿着杨堤过桥往前是越王路，继续一路欣赏湖色美景
✅越王卧薪尝胆遗址：从竹坞探幽入口徒步到山顶左转有个观景台走到底会看到个洞，就是卧薪尝胆遗址
✅湘浦观鱼：从越王城山下来继续沿湘湖走，过枕流桥、引鹭桥后来到湘浦观鱼，行程结束
	
这条线路从市区过来将近一小时，平时人少，周末来徒步和游玩的人多。需要两步路轨迹，欢迎索取。
	
#户外徒步[话题]# ",needs_place_review,2026-09-30
6aa5116800000000120277ab,https://www.xiaohongshu.com/explore/6aa5116800000000120277ab,湘湖小众徒步路线,杭州湘湖秋日环湖徒步｜遇见王莲+地肤草✨,Sunny,15,16,4,no,,,,needs_note_review,2026-09-30
69e9a3d8000000002200c185,https://www.xiaohongshu.com/explore/69e9a3d8000000002200c185,湘湖小众徒步路线,湘湖5km入门级徒步 这才是春天最美的样子～,尘甸甸,483,518,13,yes,📍路线：湘湖·越王城山5km小环线 | 🔄环线路径：城山广场→点将台→越王祠→卧薪尝胆遗址→竹坞探幽→荷花庄→城山广场 | ✨【路线亮点】,🔄环线路径：城山广场 | 点将台 | 越王祠 | 卧薪尝胆遗址 | 竹坞探幽 | 荷花庄 | 城山广场 | 路线 | ⃣停车场出来沿着湘湖边游步道走 | ⃣ 穿越千年遗址 | ⃣山顶行走（图12） | ⃣俯瞰湘湖,"春天的湘湖美到让人失语！！！
这满眼的嫩绿浅绿翠绿深绿简直是视觉盛宴！
徒步小白也能轻松拿捏的春日经典线。
	
📍路线：湘湖·越王城山5km小环线
🔄环线路径：城山广场→点将台→越王祠→卧薪尝胆遗址→竹坞探幽→荷花庄→城山广场
📏长度：约5公里
⏰耗时：2小时左右（慢慢走+拍照足够）
✨【路线亮点】
1️⃣停车场出来沿着湘湖边游步道走，道儿两边都是春天嫩嫩的颜色绿的红的黄的，湖上有不少平时不多见的鸟类在飞翔（图片放不下了，我会单独发一篇）
2️⃣ 穿越千年遗址：历史沉浸之旅，城山广场的士兵带着千年前的气势，越王祠里藏着兔死狗烹的故事，卧薪尝胆遗址保留了勾践的隐居穴洞，穿过这条路线仿佛能听到千年前的马嘶剑鸣！历史感扑面而来～
3️⃣山顶行走（图12），比较有意思的一条道儿。路的间隙会有天然岩石观景台，可以出去观景拍照（图13）
4️⃣俯瞰湘湖：卧薪尝胆观景台可以俯瞰湘湖，晴天超级出片（图16/17/18）
🚗【交通路线】
✔️自驾：可导航至“古窑停车场”（起点）或“城山广场地面停车场”（终点/起点），两个点都方便。
✔️地铁：1号线湘湖站下，骑个共享单车10分钟就到城山广场。
✔️彩蛋：",needs_place_review,2026-09-30
6a25526d0000000008025ac1,https://www.xiaohongshu.com/explore/6a25526d0000000008025ac1,湘湖小众徒步路线,湘湖5km小环线亲子徒步全程遮阴零基础友好,鱼小肥肥Oo,66,93,5,no,,,,needs_note_review,2026-09-30
6a43426800000000160264a8,https://www.xiaohongshu.com/explore/6a43426800000000160264a8,湘湖小众徒步路线,杭州周末出逃✨10分钟直达湘湖野山！清空打,么么_顾er,17,16,8,no,,,,needs_note_review,2026-09-30
6925366c00000000190251bb,https://www.xiaohongshu.com/explore/6925366c00000000190251bb,湘湖小众徒步路线,不去西湖，来湘湖沉浸式徒步,亚亚,293,284,22,yes,[一R]秋天的湘湖杉林渐渐变黄，漫步在杉间小道，如同在色彩斑斓的童话世界； | [二R]湘湖总面积大，不像西湖游人如织，可以悠闲的漫步其中，如果要来露营的话，大草坪也很多； | [三R]还有湘湖的桥数不胜数，应该不止50座吧，形态各异，大家去的时候可以留意到底有多少座桥，反正我数到最后已懵圈[笑哭R],秋天的湘湖杉林渐渐变黄 | 湘湖总面积大 | 还有湘湖的桥数不胜数,"不去西湖来湘湖，人少不影响速度；
这次参加毅行活动，一整圈共16.8公里，一路没停歇，一口气走到底，计时3小时完成✅，当然平时也可以慢慢走，更多的感受湘湖的美。
🚗开车：导航湖山广场，附近就有停车场，图上起点位置；
🚇地铁：到湘湖地铁站，距离湘湖1公里达到
[种草R]最佳体验：
[一R]秋天的湘湖杉林渐渐变黄，漫步在杉间小道，如同在色彩斑斓的童话世界；
[二R]湘湖总面积大，不像西湖游人如织，可以悠闲的漫步其中，如果要来露营的话，大草坪也很多；
[三R]还有湘湖的桥数不胜数，应该不止50座吧，形态各异，大家去的时候可以留意到底有多少座桥，反正我数到最后已懵圈[笑哭R]
#湘湖[话题]# #杭州旅游[话题]# #杭州湘湖[话题]# #杭州周末[话题]# #杭州周末游[话题]# #湘湖景区[话题]# #杭州徒步[话题]# #杭州徒步路线[话题]# #一日徒步[话题]#",needs_place_review,2026-09-30
6a0eb90c000000001002d000,https://www.xiaohongshu.com/explore/6a0eb90c000000001002d000,湘湖小众徒步路线,萧山徒步天花板｜老虎洞这条线风景太绝了⛰️,Wichniarek,180,117,10,no,,,,needs_note_review,2026-09-30
6921ba33000000001e00ee37,https://www.xiaohongshu.com/explore/6921ba33000000001e00ee37,湘湖小众徒步路线,🌟半小时登顶！可以俯瞰湘湖的懒人徒步路线,旅行JY爱画画,107,100,6,no,,,,needs_note_review,2026-09-30
6a950f59000000002003153e,https://www.xiaohongshu.com/explore/6a950f59000000002003153e,湘湖小众徒步路线,杭州4条精选徒步线路｜新手友好超舒服🌿,光合派团建-闪闪,16,11,0,no,,,,needs_note_review,2026-09-30
6a018b2a000000003601e69d,https://www.xiaohongshu.com/explore/6a018b2a000000003601e69d,湘湖小众徒步路线,萧山湘湖先照寺｜最美落日环线攻略,东森captain,16,18,0,no,,,,needs_note_review,2026-09-30
693ec60c00000000190259e2,https://www.xiaohongshu.com/explore/693ec60c00000000190259e2,湘湖小众徒步路线,【徒步】杭州癞子山-老虎洞山-湘湖环线,Page的周末徒步,156,173,7,no,,,,needs_note_review,2026-09-30
6a7ae58d000000002800394a,https://www.xiaohongshu.com/explore/6a7ae58d000000002800394a,湘湖小众徒步路线,杭州新手徒步，一星路线推荐,咪的户外日记,7,7,0,no,,,,needs_note_review,2026-09-30
69318080000000001e00ec6c,https://www.xiaohongshu.com/explore/69318080000000001e00ec6c,富阳古道徒步路线,大手牵小手，徒步走进富阳山野画卷！,富阳文旅,204,338,9,yes,途经童话般的杏梅坞水库 | #富阳旅游[话题]# #江浙沪小众游[话题]# #富春山居休闲富阳[话题]# #亲子徒步[话题]# #杭州周边游[话题]# #现在徒步正好[话题]# #周末徒步[话题]# #秋日散步美学[话题]# #徒步路线[话题]# #赏秋去哪儿[话题]#,,"当山林浸透暖黄，冬阳轻柔洒落古道☀
正是踏进山野的好时节🍂
富阳这4条亲子徒步线路
难度适中，野趣满分，出发正好！
	
🫔豆腐皮古道
大洋坞水库—东庵遗址—大德岭—观景台—大洋坞水库
青石板路蜿蜒穿过竹海与茶田🎋
从碧玉似的大洋坞水库出发
身心在湖光山色中得到放松
在观景台和孩子一起观赏山野油画🖼
山峦以深绿为底
点染着金黄、赭红与暖棕🎨
	
🌳富阳城市森林公园
富阳二中—茶园—舒菇坪—永宁寺
从富阳二中步入这片城市绿肺
茶园叠翠、古木参天🌿
伴随着鸟鸣声中缓步向上🎶
走到舒姑坪，视野豁然开朗
将富春江与层林尽收眼底
享受自然中的静谧时光🚶‍♂
	
🏞西岩山小环线
西岩山水库—毗卢岩—茶园—西岩山石林—西岩阁—西岩山水库
自西岩山水库出发
沿途是散发着清冽香气的梯田茶园🍃
日光下更显苍劲的嶙峋山岩🪨
穿行石林之间
感受茶香山韵交织的意境✨
	
⛰龙门山古道
龙门镇瑶坞村—龙门瀑布—杏梅尖—南庄—瑶坞
从瑶坞村沿溪上行
邂逅如白纱垂落的龙门瀑布
踩过铺满落叶的山径软毯🍂
途经童话般的杏梅坞水库
登顶杏梅尖，俯瞰群山碧水
下山后还能逛逛龙门古镇
为这趟旅程增添人文气息🤩
	
用脚步丈量，用",needs_note_review,2026-09-30
6925190b000000001e021a0a,https://www.xiaohongshu.com/explore/6925190b000000001e021a0a,富阳古道徒步路线,江浙沪最美徒步系列第十期——富阳黄弹石梯✨,七小温,599,1030,72,yes,[打卡R]全程13公里，累计爬升约800米，也是一条人少景美的小众路线，下面跟着我的镜头一起走进这片原始秘境吧~ | [打卡R]徒步路线：锦峰人家（原仙人峰山庄）→石梯弄口→石梯峡谷→王殿遗址→石梯古村落→野猫路古道→钟塔村→钟塔岭古道→石凉亭→里黄弹→起点停车场,[打卡R]徒步路线：锦峰人家（原仙人峰山庄） | 石梯弄口 | 石梯峡谷 | 王殿遗址 | 石梯古村落 | 野猫路古道 | 钟塔村 | 钟塔岭古道 | 石凉亭 | 里黄弹 | 停车场,"✨这里是杭州富阳的“小雁荡”，有着奇峰林立和百米崖壁，还是一条红色金萧路，两条古道串联起了先辈们的革命足迹。
	
[打卡R]全程13公里，累计爬升约800米，也是一条人少景美的小众路线，下面跟着我的镜头一起走进这片原始秘境吧~
	
[打卡R]徒步路线：锦峰人家（原仙人峰山庄）→石梯弄口→石梯峡谷→王殿遗址→石梯古村落→野猫路古道→钟塔村→钟塔岭古道→石凉亭→里黄弹→起点停车场
	
🅿️导航至锦峰人家，往上开十米左右，有个免费的露天停车场
	
❗注意：全程补给点少，需要带好足够的水和食物。[有R]里黄弹村和起点处有农家乐和小卖部，中途仅钟塔村附近看到厕所🚾
[露营灯R]古道部分石阶较滑，需要使用登山杖，穿着防滑抓地力强的徒步鞋[登山鞋R]
	
#浙江文旅宣推官[话题]# #山行富阳有意思[话题]# #野生户外人观察报告[话题]# #江浙沪徒步[话题]# #徒步丈量世界[话题]# #黄弹石梯[话题]# #徒步圈[话题]# #杭州小众景点[话题]# #旅游编辑部[话题]# #小红书徒步山野[话题]# @富阳文旅",needs_place_review,2026-09-30
693254ea000000001e012854,https://www.xiaohongshu.com/explore/693254ea000000001e012854,富阳古道徒步路线,每周一徒No.47 | 富阳弘一古道小环线🍂,Anita_潦草侠🦐,141,238,47,no,,,,needs_note_review,2026-09-30
692d77c9000000001e02b8a8,https://www.xiaohongshu.com/explore/692d77c9000000001e02b8a8,富阳古道徒步路线,杭州富阳户外途步经典路线：弘一古道,尔晚夏iuy,50,67,11,no,,,,needs_note_review,2026-09-30
69fc6464000000001f00496f,https://www.xiaohongshu.com/explore/69fc6464000000001f00496f,富阳古道徒步路线,江浙沪4条经典古道徒步！完整走下来才过瘾,派派的100种团建,255,311,13,yes,1️⃣ 豆腐皮古道 | 📍路线：大洋坞水库—豆腐皮古道—大斗山—骑行公园 | 2️⃣ 徽杭古道,⃣ 豆腐皮古道 | 路线 | ⃣ 徽杭古道 | ⃣ 径山古道 | ⃣ 马岭古道（桐庐段）,"不赶路、不虐腿，这4条古道都是经典完整路段，石板路清晰、风景密集，适合想认真走完一条线路的人。收藏好，选个好天气出发🍃
	
1️⃣ 豆腐皮古道
📍路线：大洋坞水库—豆腐皮古道—大斗山—骑行公园
🚶‍♀️路程：约8km
⏰耗时：3-4h
🌿特点：因古时运送豆腐皮得名，藏在富阳的完整古道。起点是宝石蓝的水库，沿竹林石阶缓坡而上，途中有古石亭、茶园和山脊视野，终点连接骑行公园。全程树荫覆盖，夏天走也很舒服。
	
2️⃣ 徽杭古道
📍路线：永来村—蓝天凹—下雪堂—黄茅培—江南第一关—伏岭镇
🚶‍♀️路程：约15km
⏰耗时：4-5h
🌿特点：江南十大古道之首，路况丰富不单调。蓝天凹可俯瞰整片山谷，视野壮阔。后半段串联徽派古村与溪谷，土路、石板路、碎石路、水泥路混合，文化与自然一次走透。
	
3️⃣ 径山古道
📍路线：桐桥停车场—进善亭—半山亭—洗心庭—径山寺
🚶‍♀️路程：约2.5km
⏰耗时：1-1.5h
🌿特点：苏东坡走过的千年进香古道，石板路平整完整。一路竹林夹道、茶园相随，中途多座古亭可歇脚。终点径山寺可祈福、吃素斋、喝径山茶，不想走路可坐免费接驳车下山。
	
4️⃣ 马岭古道（桐庐段",needs_place_review,2026-09-30
68a346e1000000001b034d2f,https://www.xiaohongshu.com/explore/68a346e1000000001b034d2f,富阳古道徒步路线,徒步路线2⃣️龙门山古道,chris想爬那座山,348,589,27,yes,周末不想宅家，又怕远途折腾娃？富阳这条「龙门山古道」亲子徒步路线，亲测好玩不费妈，小众还人少，快收好！ | 🌳路线速览：对娃超友好的难度 | 📍导航&停车：新手不迷路,导航&停车 | 从漂流入口出发 | 走10分钟会遇到一座青石板小桥 | 继续走20分钟到「杏梅尖岔路口」 | 最后一段有少量乱石堆,"🌿杭州1h直达！带娃走龙门山古道，玩溪水看瀑布超治愈
周末不想宅家，又怕远途折腾娃？富阳这条「龙门山古道」亲子徒步路线，亲测好玩不费妈，小众还人少，快收好！
🌳路线速览：对娃超友好的难度
全程往返约5km，累计爬升376m，基本是缓坡+短台阶，不用赶进度，边走边玩，登顶（到瀑布）后娃成就感直接拉满～
📍导航&停车：新手不迷路
直接搜「龙门山漂流停车场」，市区过去1小时左右。重点是！目前停车完全免费。
🎯徒步路线：步步有惊喜
1.	从漂流入口出发，刚起步就是伴着溪水的小路，听着哗啦啦的水声，娃瞬间被吸引；
2.	走10分钟会遇到一座青石板小桥，溪水从桥底流过，拍拍照超有“隐世小山林”的感觉；
3.	继续走20分钟到「杏梅尖岔路口」，记得往左拐！沿途树上挂着彩色丝带，跟着丝带走就不会错；
4.	最后一段有少量乱石堆，家长一定要牵好娃的手，过了这段就能看到瀑布啦～
👀沿途亮点：娃能玩一路
•	森林氧吧：全程被大树遮阴，夏天走也不晒，空气里都是草木香，走累了停下深呼吸，比待在空调房舒服；
•	瀑布打卡：因为开始飘雨，提前下撤了，没看到瀑布，找机会去二刷。
💡亲子徒步必备清单（划重点！）
•	鞋",needs_place_review,2026-09-30
6a7ec3c50000000006007b86,https://www.xiaohongshu.com/explore/6a7ec3c50000000006007b86,富阳古道徒步路线,杭州小众徒步｜古道秘境🍃避开人流漫游,泱泱去徒步了,4,5,1,no,,,,needs_note_review,2026-09-30
69227118000000001e01079f,https://www.xiaohongshu.com/explore/69227118000000001e01079f,富阳古道徒步路线,亲子秘境⛰️豆腐皮古道4km小环线太适合了‼️,乐陶陶,822,1434,48,yes,🗺 具体路线 | 大洋坞水库 → 古道入口（入口和出口靠近）→ 大德岭 → 飞凤岩观景台 → 鉴远亭 → 返回大洋坞水库 | [打卡R]这是一个顺时针环线，途中遇到三个分岔口，一律往右➡️走就不会错。,大洋坞水库 | 古道入口（入口和出口靠近） | 大德岭 | 飞凤岩观景台 | 鉴远亭 | 返回大洋坞水库 | 走就不会错 | 宝石般的水库风光 | 迷人的观景台 | 多样的自然景观 | 历史文化的熏陶,"豆腐皮古道位于杭州富阳区，是一条有着深厚历史文化底蕴的古道。古时，东坞山村民就是通过这条古道把豆腐皮送往杭州各大餐馆和寺院。我们这次走的是非常适合亲子的4km小环线，沿途风景丰富，有水库、竹林、茶园和山脊线。
	
🚗 交通指南
· 导航至“杭州富阳区大洋坞水库”
· 水库边停车场及路边可免费停车
	
🗺 具体路线
大洋坞水库 → 古道入口（入口和出口靠近）→ 大德岭 → 飞凤岩观景台 → 鉴远亭 → 返回大洋坞水库
[打卡R]这是一个顺时针环线，途中遇到三个分岔口，一律往右➡️走就不会错。
	
⏱ 时间安排
· 全程约3小时（带娃慢速版）
· 建议上午出发，光线好且温度适宜（我们这次下午出发的，后半程太阳落山天有点冷有点黑了）
	
🌟 路线亮点
[一R]宝石般的水库风光
起点的大洋坞水库被誉为“杭州小九寨沟”，水色清澈，呈现蓝绿色，像一颗镶嵌在青山间的宝石。在这里可以给孩子拍照留念，欣赏美景。
[二R]迷人的观景台
走到飞凤岩观景台，可以俯瞰整个大洋坞水库，视野非常开阔，是休息和拍照的好地方。
[三R]多样的自然景观
一路会经过竹林、茶田、山林野路，景观丰富多变，孩子们不会感到单调。
",needs_place_review,2026-09-30
69b670f800000000230255e5,https://www.xiaohongshu.com/explore/69b670f800000000230255e5,富阳古道徒步路线,2026徒步清单｜杭州富阳豆腐皮古道（小环线）,見山,48,68,10,no,,,,needs_note_review,2026-09-30
697f5a20000000002800b441,https://www.xiaohongshu.com/explore/697f5a20000000002800b441,富阳古道徒步路线,杭州豆腐皮古道｜新手闭眼冲的轻徒步✨,小七,148,219,18,no,,,,needs_note_review,2026-09-30
6ab7b6a40000000018012f0b,https://www.xiaohongshu.com/explore/6ab7b6a40000000018012f0b,富阳古道徒步路线,徒步宝藏｜富阳谢圣岭古道,厄尔尼诺_山野渡海纪事,6,8,0,no,,,,needs_note_review,2026-09-30
69eb907d000000003502d6db,https://www.xiaohongshu.com/explore/69eb907d000000003502d6db,富阳古道徒步路线,江浙沪最美徒步路线第十二集｜富阳杏梅尖,董哥去露营,1971,3227,89,yes,#户外徒步[话题]# #每周一山[话题]# #徒步路线推荐[话题]##对我友好的旅行[话题]# #出片友好旅行[话题]# #杏梅尖[话题]# #江浙沪徒步[话题]#,,#户外徒步[话题]# #每周一山[话题]# #徒步路线推荐[话题]##对我友好的旅行[话题]# #出片友好旅行[话题]# #杏梅尖[话题]# #江浙沪徒步[话题]#,needs_note_review,2026-09-30
69bfdde80000000023007f6a,https://www.xiaohongshu.com/explore/69bfdde80000000023007f6a,富阳古道徒步路线,带娃徒步初级进阶版——杭州豆腐皮古道,诺虚,1069,1852,82,yes,1️⃣路况对娃较友好 | 我们走的完整环线全程9公里左右，累计爬升698米，大部分是林间土路、石阶路，没有特别难爬的野路，路上有看到5岁左右娃也能驾驭。这条路也是众多少儿独立徒步团队的必选路线。 | 2️⃣ 一路都是治愈系风景,⃣路况对娃较友好 | ⃣ 一路都是治愈系风景 | ⃣ 有吃有玩完全不无聊 | ⃣ 仪式感直接拉满 | 定位,"每周坚持带娃户外徒步，这周打卡了火遍杭州的豆腐皮古道！
	
亲测适合带娃✅风景好、难度中等、有吃有玩，全程9公里小环线，小学以上娃就能攻下！
✨为什么说它亲子徒步友好？
	
1️⃣路况对娃较友好
我们走的完整环线全程9公里左右，累计爬升698米，大部分是林间土路、石阶路，没有特别难爬的野路，路上有看到5岁左右娃也能驾驭。这条路也是众多少儿独立徒步团队的必选路线。
	
2️⃣ 一路都是治愈系风景
从村口出发，一路穿过茶园、竹海、松林、古树林，满眼都是浓得化不开的绿色，妥妥的城市周边天然氧吧。林间的光影真的绝了，随手拍都是森系大片，娃在里面跑跳撒欢，连眼睛都变亮了。
	
3️⃣ 有吃有玩完全不无聊
不愧是豆腐皮古道！古道入口就有现炸的豆腐皮，香到流口水，娃边走边吃，动力直接拉满。
徒步完山下还有超热闹的茶园市集，有吃的有逛的，爬完山还能在茶田边歇脚，完全不是“爬完就走”的单调行程，大人小孩都开心。
	
4️⃣ 仪式感直接拉满
登顶的时候看到“恭喜您成功登顶 前方皆是坦途”的横幅，娃瞬间就蹦起来了！一路的疲惫都没了，还特别骄傲地说“我自己爬上山顶了”，这种成就感，真的比在家玩玩具有意义太多了",needs_place_review,2026-09-30
69e36b83000000001e00dea1,https://www.xiaohongshu.com/explore/69e36b83000000001e00dea1,富阳古道徒步路线,豆腐皮古道4km小环线｜3岁男宝户外徒步攻略,般般几,66,129,10,no,,,,needs_note_review,2026-09-30
6ab7c4010000000015013fb8,https://www.xiaohongshu.com/explore/6ab7c4010000000015013fb8,富阳古道徒步路线,杭州亲子徒步｜豆腐皮古道，千年古道有故事🌿,图图妈妈爱生活,11,6,2,no,,,,needs_note_review,2026-09-30
6aaf557700000000250353ed,https://www.xiaohongshu.com/explore/6aaf557700000000250353ed,富阳古道徒步路线,5km龙门山徒步｜藏在富阳的绿野仙踪🍃,道可道 江南,9,18,0,no,,,,needs_note_review,2026-09-30
6a55e99e0000000007028590,https://www.xiaohongshu.com/explore/6a55e99e0000000007028590,富阳古道徒步路线,浙江徒步挑战榜｜10条路线从入门到王者🏆,两步路户外助手,572,752,58,yes,按难度从低到高排序，新手 / 进阶 / 重装大神都能找到适配路线 | 1️⃣杭州九溪十八涧环线 | 2️⃣嘉兴南北湖土狗线,⃣杭州九溪十八涧环线 | ⃣嘉兴南北湖土狗线 | ⃣湖州莫干山小环线 | ⃣徽杭古道（永来村 - 江南村） | ⃣杭州西湖爱心线 | ⃣台州水桶岙海岸线 | ⃣富阳杏梅尖环线 | ⃣温州雁荡山五老巅龙脊穿越 | ⃣杭州西湖标毅线,"江浙沪户外党直接存！
翻遍两步路上万条轨迹整理出浙江十大经典徒步线
按难度从低到高排序，新手 / 进阶 / 重装大神都能找到适配路线
每条附线路编号，两步路直接搜编号拿完整轨迹攻略✨
-
🌿【Part1 入门休闲线】（难度低）
1️⃣杭州九溪十八涧环线
里程 11.42km｜爬升 479m｜编号 4981474
2️⃣嘉兴南北湖土狗线
里程 10.2km｜爬升 567m｜编号 0030755
3️⃣湖州莫干山小环线
里程 11.71km｜爬升 642m｜编号 8946516
4️⃣徽杭古道（永来村 - 江南村）
里程 14.93km｜爬升 575m｜编号 9781329
5️⃣杭州西湖爱心线
里程 20.16km｜爬升 697m｜编号 7351355
6️⃣台州水桶岙海岸线
里程 14.04km｜爬升 841m｜编号 2478812
	
⛰️【Part2 进阶硬核线】（中等高强度）
7️⃣富阳杏梅尖环线
里程 13.24km｜爬升 1022m｜编号 4497185
8️⃣温州雁荡山五老巅龙脊穿越
里程 10.12km｜爬升 1250m｜编号 4308047
9️⃣杭州西湖标毅线
里程 ",needs_place_review,2026-09-30
68e780d40000000007003138,https://www.xiaohongshu.com/explore/68e780d40000000007003138,富阳古道徒步路线,私藏杭州徒步10条路线，休闲到硬核全都有！,团建来了-小团子,266,397,7,yes,12km/500m 爬升｜千年唐韵古道！沿途茶香飘，古迹藏，终点径山寺满是禅意～觉得路线长，可以开车到山腰，走新手友好的3km 路线🗺️​ | 🔸徽杭古道（绩溪→临安）​ | 12km/600m 爬升｜看陡峭山峰 + 江南最高浙西天池，乐利峰上能俯瞰天池全景，路线可选 12-18km，风景超值❄️​,🔸徽杭古道（绩溪 | 临安）​ | 8km / 无爬升｜沿九溪十八涧走,"杭州及周边徒步爱好者看过来！整理了 10 条超赞古道，从0爬升休闲徒步到千米挑战都有，江浙沪的朋友们不用发愁去哪啦～🌿​
	
🔸径山古道环线（径山村）​
12km/500m 爬升｜千年唐韵古道！沿途茶香飘，古迹藏，终点径山寺满是禅意～觉得路线长，可以开车到山腰，走新手友好的3km 路线🗺️​
	
🔸马岭古道（芦茨村起）​
10km/100m 爬升｜古老石板路配沧桑古桥，一边溪流潺潺一边是岁月痕迹，穿梭山林像走在自然与历史长廊里，爬升低，适合新手及亲子👨👩👧👦​
	
🔸牧心谷环线（施岭脚村）​
10km/380m 爬升｜千岛湖畔的 “天然氧吧”！穿越江浙沪罕见原始次生林，参天古木蔽日，负氧离子爆棚，湖水超清澈，放松吸氧超绝🌳​
	
🔸杏梅尖环线（龙门古镇起止）​
13km/1050m 爬升｜进阶党挑战！从千年古镇出发，爬富阳最高峰，登顶俯瞰群山～注意下山铺装路多，膝盖压力大，记得护膝！⛰️​
	
🔸徽杭古道（绩溪→临安）​
14km/750m 爬升｜经典中的经典！青石板路走到底，路过蓝天凹，历史痕迹与壮丽风光交织，第一次徒步选它不踩雷📜​
	
🔸吴越古道小环线（浙西天池）​
12km/6",needs_place_review,2026-09-30
6a003634000000003503b40e,https://www.xiaohongshu.com/explore/6a003634000000003503b40e,富阳古道徒步路线,杭州富阳杏梅尖大环线龙门山古道环线轨迹,歌山颂水,99,117,18,no,,,,needs_note_review,2026-09-30
692d0d43000000001e02c1b3,https://www.xiaohongshu.com/explore/692d0d43000000001e02c1b3,滨江徒步路线,滨江萧山最好的一条爬山线路,欲穷千里目,333,452,42,yes,,,#杭州[话题]# #大都市生活[话题]# #我和我的城市[话题]# #城市的风景[话题]# #见人不如爬山[话题]# #爬山爱好者[话题]# #不如去爬山[话题]# #不要让工作耽误了爬山[话题]# #户外爬山徒步[话题]# #爬山好去处[话题]#,needs_note_review,2026-09-30
6aa4bfcf00000000280022e2,https://www.xiaohongshu.com/explore/6aa4bfcf00000000280022e2,滨江徒步路线,刷N遍还想去❗藏在滨江低难度亲子徒步🍃,Apple🍎,6,13,0,no,,,,needs_note_review,2026-09-30
692711aa0000000019024e9b,https://www.xiaohongshu.com/explore/692711aa0000000019024e9b,滨江徒步路线,上海超绝滨江徒步路线推荐！,有趣的芒果,5,9,0,no,,,,needs_note_review,2026-09-30
69230e49000000001e028eb5,https://www.xiaohongshu.com/explore/69230e49000000001e028eb5,滨江徒步路线,上海最美CITY WALK线路，没有之一,领聚天下团建拓展,60,119,2,no,,,,needs_note_review,2026-09-30
698fd7f6000000001a02f427,https://www.xiaohongshu.com/explore/698fd7f6000000001a02f427,滨江徒步路线,西岸滨江怎么逛？终于有人整理清楚了！,上海去哪儿,3227,4558,28,yes,,,#爱上海的十万个理由[话题]# #上海citywalk[话题]# #上海与优质内容创作的双向奔赴[话题]# #开放式街区[话题]##徐汇[话题]# #滨江[话题]# #西岸[话题]#,needs_note_review,2026-09-30
69b60b02000000001d01986b,https://www.xiaohongshu.com/explore/69b60b02000000001d01986b,滨江徒步路线,上海城市徒步| 7km人少景美轻松版💕,可可贝果酱,44,68,0,no,,,,needs_note_review,2026-09-30
6a00acaf000000000702b618,https://www.xiaohongshu.com/explore/6a00acaf000000000702b618,滨江徒步路线,周末5月上海黄浦滨江8.7公里徒步路线🚶,小莹啊（体验人生版）,15,12,0,no,,,,needs_note_review,2026-09-30
6ab672b9000000000b00709e,https://www.xiaohongshu.com/explore/6ab672b9000000000b00709e,滨江徒步路线,「记录徒步」西岸美术馆→北外滩 滨江线路,Vcn772,11,4,4,no,,,,needs_note_review,2026-09-30
67f0a50a000000000f031530,https://www.xiaohongshu.com/explore/67f0a50a000000000f031530,滨江徒步路线,每周一山 | 杭州滨江冠山公园徒步路线推荐,鱼儿游,281,304,36,yes,【路线导航】 | 【徒步路线】 | 乳泉公园→冠山禅寺→眉廊→冠山亭→中兴和园西门→冠山公园→乳泉公园,乳泉公园 | 冠山禅寺 | 眉廊 | 冠山亭 | 中兴和园西门 | 冠山公园,"【徒步时间】：2025年3月26日
	
【路线导航】
自驾导航：冠山乳泉公园停车场， 5元/小时
这里车位比较少，如果没停车位也可以导航到冠山公园停车场，这边也有游步道上山！
	
【徒步路线】
乳泉公园→冠山禅寺→眉廊→冠山亭→中兴和园西门→冠山公园→乳泉公园
	
此条徒步路80%为台阶路线，中兴和园西门可以直接下山，我们走的环线，仅中兴和园到冠山公园此段为野路（不推荐）；，因为野路两边都是坟墓，胆小慎入！可以选择中兴和园下山沿着路步行导航到冠山公园！
	
1，乳泉公园：公园内有清泉乳泉，水甘洌如乳，很多本地人都带着桶来打水。
2，冠山禅寺：寺庙修缮精致，红灯笼黄墙显得格外灵气。
3，眉廊：休息凉亭，北望滨江城景。
4， 冠山亭：冠山最高点，傍晚时分看日落的绝佳地点。
5. 冠山公园，这里有一片很大的草坪，花色盛开，也是露营观景的绝佳地。
	
====具体精准位置和详细路线 ====
两步路app-搜索“鱼儿游2024”，轨迹名: 杭州滨江冠山公园
徒步全程环线，5.4公里
运动耗时：2小时
全程耗时：3小时
海拔：161米
累计爬升约：246米
难度：简单
	
【温馨提示】:
1，提",needs_place_review,2026-09-30
6a071384000000003502a310,https://www.xiaohongshu.com/explore/6a071384000000003502a310,滨江徒步路线,杭州徒步路线合集！🏃‍♀️,vjijnb,485,387,98,yes,#一起来徒步吧[话题]# #轻松徒步路线[话题]# #一周一山[话题]# #户外徒步[话题]#,,"杭州群山｜持续解锁中…
	
#一起来徒步吧[话题]# #轻松徒步路线[话题]# #一周一山[话题]# #户外徒步[话题]#",needs_note_review,2026-09-30
6a49c895000000001101f022,https://www.xiaohongshu.com/explore/6a49c895000000001101f022,滨江徒步路线,杭州人私藏周末地图：徒步、爬山、逛街都有,魔法猫咪在哪里,28,38,2,no,,,,needs_note_review,2026-09-30
69103a8f0000000004028070,https://www.xiaohongshu.com/explore/69103a8f0000000004028070,滨江徒步路线,上海citywalk路线🚶🏻‍♀️抄这份攻略就够了,爱旅行的卷卷,614,640,13,yes,各种风格的散步&骑行路线 | ❶徐汇滨江骑行路线 | 麦当劳中国汉堡大学→油罐艺术中心→西岸美术馆→电影字幕框→西岸艺术中心 → 徐汇滨江绿地→龙美术馆→滨江滑板公园→START星美术馆→station1907,麦当劳中国汉堡大学 | 油罐艺术中心 | 西岸美术馆 | 电影字幕框 | 西岸艺术中心 | 徐汇滨江绿地 | 龙美术馆 | 滨江滑板公园 | START星美术馆 | station1907,"各种风格的散步&骑行路线
总有一条你喜欢的！
-
❶徐汇滨江骑行路线
麦当劳中国汉堡大学→油罐艺术中心→西岸美术馆→电影字幕框→西岸艺术中心 → 徐汇滨江绿地→龙美术馆→滨江滑板公园→START星美术馆→station1907
·
❷杨浦滨江骑行路线
绿之丘→世界技能博物馆→宁国路渡口→杨浦大桥 →边园→杨浦树电厂遗迹公园→一尺之间→灰仓艺术空间→上海国际时尚中心→油酷艺术公园
·
❸人广+外滩+苏州河
上海历史博物馆→国际饭店→苔聖园→上海体育博物馆→人民公园→南京路步行街→外滩观景台→人民英雄纪念塔→外白渡桥→乍浦路桥（还有体力的话可以去北外滩走走）
·
❹浦东滨江骑行路线
浦东美术馆→东方明珠公园→世纪和平大钟→泰同栈渡口→尚悦湾船厂1862 →其昌栈渡口→东岸民生艺术码头→民生滨江文化城→歇浦路渡口→杨浦大桥
·
❺普陀区citywalk
元代水闸遗址博物馆→上海造币博物馆→顾正红纪念馆→上海纺织博物馆→天安千树→ M50创意园→沪西工人半日学校史料陈列馆
·
❻闵行区citywalk
七宝站→七宝领展广场→七宝古镇→七宝天主堂→七宝教寺→宝龙美术馆→上海海派艺术馆→闵行博物馆",needs_place_review,2026-09-30
6a929699000000002003450e,https://www.xiaohongshu.com/explore/6a929699000000002003450e,滨江徒步路线,上海滨江两岸徒步30公里攻略,缘,5,3,0,no,,,,needs_note_review,2026-09-30
69b26c4b0000000006030778,https://www.xiaohongshu.com/explore/69b26c4b0000000006030778,滨江徒步路线,上海滨江徒步攻略，约✨人少景美还出片，,最好的安排,7,11,0,no,,,,needs_note_review,2026-09-30
69fda9a90000000023015060,https://www.xiaohongshu.com/explore/69fda9a90000000023015060,滨江徒步路线,上海北外滩Citywalk徒步圆满收官✨,三千法如,26,33,2,no,,,,needs_note_review,2026-09-30
69965d9e0000000028021962,https://www.xiaohongshu.com/explore/69965d9e0000000028021962,滨江徒步路线,杭州小众徒步路线,M.J,9,6,0,no,,,,needs_note_review,2026-09-30
6a1f70e6000000003601aef0,https://www.xiaohongshu.com/explore/6a1f70e6000000003601aef0,滨江徒步路线,可以俯瞰整个滨江的徒步路线,是十一呀,0,2,0,no,,,,needs_note_review,2026-09-30
69c39a300000000023025469,https://www.xiaohongshu.com/explore/69c39a300000000023025469,滨江徒步路线,杭州9条封神徒步路线🔥保姆级攻略,上海萤火森邻小羊,2283,3164,76,yes,从新手闭眼冲到进阶挑战，9条路线全覆盖，直接抄作业出发👇 | 1️⃣ 宝石山 | 📍黄龙洞→翠竹千竿→宝石山→抱朴道院,📍黄龙洞 | 翠竹千竿 | 宝石山 | 抱朴道院 | ⃣ 宝石山 | 黄龙洞→翠竹千竿→宝石山→抱朴道院 | ⃣ 九曜山 | 花港观鱼南门→太子湾→九曜阁→南山路 | ⃣ 吴山-万松岭 | 鼓楼→城隍阁→江湖汇观亭→大马弄 | ⃣ 玉皇山 | 水澄桥→八卦田→福星观→万松书院 | ⃣ 北高峰 | 老和云起→老和山→北高峰→法华寺 | ⃣ 六和塔-虎跑 | 六和塔→大华山→虎跑公园,"谁懂啊！在杭州徒步真的太幸福了😭
不用远走，周末就能解锁山野治愈感。
从新手闭眼冲到进阶挑战，9条路线全覆盖，直接抄作业出发👇
✨ 新手零门槛·出片率100%
1️⃣ 宝石山
📍黄龙洞→翠竹千竿→宝石山→抱朴道院
⏱2h｜3km｜爬升130m
💥西湖日出天花板！20分钟登顶，360°全景俯瞰西湖。
2️⃣ 九曜山
📍花港观鱼南门→太子湾→九曜阁→南山路
⏱2h｜3km｜爬升170m
💥隐藏西湖全景机位，雷峰塔同框，摄影党必冲。
3️⃣ 吴山-万松岭
📍鼓楼→城隍阁→江湖汇观亭→大马弄
⏱2h｜4km｜爬升155m
💥城市轻徒步天花板，逛老巷看落日，下山直奔大马弄干饭。
🍃 人文自然双在线·小众有底蕴
4️⃣ 玉皇山
📍水澄桥→八卦田→福星观→万松书院
⏱3h｜7km｜爬升300m
💥亲子徒步首选，平缓好走，远眺钱塘江超惬意。
5️⃣ 北高峰
📍老和云起→老和山→北高峰→法华寺
⏱3h｜7km｜爬升427m
💥杭州祈福顶流，可求签坐缆车，春日梅花道氛围感拉满。
6️⃣ 六和塔-虎跑
📍六和塔→大华山→虎跑公园
⏱2h｜5km｜爬升320m
💥绿野仙踪路线，听潮品泉，人文气息拉满。
🌿 进",needs_place_review,2026-09-30
687859c000000000100245f9,https://www.xiaohongshu.com/explore/687859c000000000100245f9,滨江徒步路线,🚶‍♀️暴走滨江沿岸！上海CityWalk首选,ShanghaiBOOK,3078,4425,31,yes,魔都宝藏滨江线！徐汇&黄浦滨江真的逛不腻！今天暴走一条超顺路线，从艺术殿堂到工业遗迹，从网红地标到运动公园，一站式打卡N个点，随手拍都是大片！📸 | 📍 我的超顺路线（不走回头路！） | 这条路线几乎囊括了所有精华点，艺术、历史、自然、运动、潮流全都有！,我的超顺路线（不走回头路！）,"魔都宝藏滨江线！徐汇&黄浦滨江真的逛不腻！今天暴走一条超顺路线，从艺术殿堂到工业遗迹，从网红地标到运动公园，一站式打卡N个点，随手拍都是大片！📸
📍 我的超顺路线（不走回头路！）
麦当劳中国总部大楼
龙华码头
Gate M西岸梦中心
西岸大剧院/西岸穹顶艺术中心/上海油罐艺术中心/西岸美术馆
玻璃宅
西岸艺术中心
海事塔广场
徐汇滨江绿地
Orbit西岸漩心
徐汇滨江攀岩墙
龙美术馆(西岸馆)
徐汇滨江滑板公园
START星美术馆
Station 1907启点
徐汇滨江党群服务中心
日晖港
南园滨江绿地
国际乒联博物馆
海军制造飞机处旧址
上海世博会博物馆
徐汇滨江真是魔都周末放松、City Walk、拍照打卡的绝佳选择！
这条路线几乎囊括了所有精华点，艺术、历史、自然、运动、潮流全都有！
快收藏起来，挑个好天气去暴走&拍照吧！💖
﻿#上海CityWalk[话题]#﻿ ﻿#徐汇滨江[话题]#﻿ ﻿#上海拍照[话题]#﻿ ﻿#上海旅游[话题]#﻿ ﻿#魔都周末[话题]#﻿ ﻿#网红打卡地[话题]#﻿ ﻿#上海看展[话题]#﻿ ﻿#上海小众打卡地[话题]#﻿",needs_place_review,2026-09-30
6a1422f2000000003501d1be,https://www.xiaohongshu.com/explore/6a1422f2000000003501d1be,临安小众徒步路线,临安10条有趣爬山路线集合｜1-3小时直达🔥,二胎爸爸｜带娃徒步,49,106,11,no,,,,needs_note_review,2026-09-30
69f98915000000001f004705,https://www.xiaohongshu.com/explore/69f98915000000001f004705,临安小众徒步路线,杭州临安龙门秘境溯溪徒步攻略（2026最新）,肉肉肉肉肉老板,397,644,7,yes,📍位置杭州临安区高虹镇（石门村+龙上村+大山村） | 【3条经典溯溪路线】 | 1️⃣ 龙上村·龙鳞坝（亲子首选，约1km，1h）,位置杭州临安区高虹镇（石门村+龙上村+大 | ⃣ 龙上村·龙鳞坝（亲子首选 | ⃣ 石门村·猷溪谷（进阶溯溪 | ⃣ 大鱼线全程（全景轻徒步 | 08 | 09 | 10 | 12 | 14 | 16,"杭州临安龙门秘境溯溪徒步攻略（2026最新）
是杭州周边入门级溯溪天花板，核心在大鱼线峡谷，免费开放，水浅、石平、树荫密，亲子友好、清凉出片
📍位置杭州临安区高虹镇（石门村+龙上村+大山村）
🚗导航龙门秘境游客中心 / 石门村 / 龙上村龙鳞坝
⏰最佳6-9月（避暑）
周末人多，建议工作日/早9点前到
🎫门票：免费；停车免费，游客中心有免费淋浴/更衣室
🌡体感：森林覆盖率92%，负氧离子高，比市区低5-8℃
【3条经典溯溪路线】
1️⃣ 龙上村·龙鳞坝（亲子首选，约1km，1h）
游客中心→龙鳞坝→浅滩戏水→天然泳池→折返
🌟亮点：层层叠水、浅水清澈、鱼群多，踩水/打水仗/桨板都可
2️⃣ 石门村·猷溪谷（进阶溯溪，约3km，2h）
石门村古桥→猷溪谷→连续潭瀑→网红叠水坝→折返
🌟亮点：玻璃水、深潭、瀑布密集，可跳水/游泳/拍大片
3️⃣ 大鱼线全程（全景轻徒步，约8km，3-4h）
石门村→猷溪谷→龙鳞坝→鼻头石小瀑布→天石滩石浪→折返
🌟亮点：峡谷纵深、溪流不断、树荫全程，不累、风景密集
【必打卡亮点】
💧龙鳞坝：网红阶梯叠水，水流如鳞片，浅水清澈，亲子玩水C位
🌊猷溪谷：“浙东",needs_place_review,2026-09-30
6a4a4efb000000001c025732,https://www.xiaohongshu.com/explore/6a4a4efb000000001c025732,临安小众徒步路线,临安小众古道，8公里平缓环线超好走,旅游推荐官A,37,84,3,no,,,,needs_note_review,2026-09-30
69d310640000000023007066,https://www.xiaohongshu.com/explore/69d310640000000023007066,临安小众徒步路线,别再挤西湖群山了，玲珑山才是真·神仙秘境,徐大富,116,127,52,no,,,,needs_note_review,2026-09-30
6a71de3e00000000250033ac,https://www.xiaohongshu.com/explore/6a71de3e00000000250033ac,临安小众徒步路线,火山岩、穿越山脊、杭州免费宝藏路线——药王峰,阿菜,83,105,27,no,,,,needs_note_review,2026-09-30
68ee3ab10000000007035c82,https://www.xiaohongshu.com/explore/68ee3ab10000000007035c82,临安小众徒步路线,临安大树王国，藏在原始森林中宝藏徒步路线,卢小君嬉游记,425,735,18,yes,#杭州[话题]# #杭州徒步[话题]# #杭州攻略[话题]# #途家[话题]# #途家民宿[话题]# #杭州天目山[话题]# #杭州徒步路线[话题]# #禅源寺[话题]# #杭州旅游攻略[话题]#,,#杭州[话题]# #杭州徒步[话题]# #杭州攻略[话题]# #途家[话题]# #途家民宿[话题]# #杭州天目山[话题]# #杭州徒步路线[话题]# #禅源寺[话题]# #杭州旅游攻略[话题]#,needs_note_review,2026-09-30
6a917d700000000025018c59,https://www.xiaohongshu.com/explore/6a917d700000000025018c59,临安小众徒步路线,杭州小众徒步路线！临安治愈森林古道,旅游推荐官A,58,144,7,no,,,,needs_note_review,2026-09-30
6ab90c45000000001b01ceb8,https://www.xiaohongshu.com/explore/6ab90c45000000001b01ceb8,临安小众徒步路线,上海出发｜强烈推荐这10条浙江宝藏徒步路线,CC白日梦想家,492,860,17,yes,1️⃣临安·太子尖 | 2️⃣台州·水桶岙 | 3️⃣临安·大树王国,⃣临安·太子尖 | ⃣台州·水桶岙 | ⃣临安·大树王国 | ⃣绍兴·飞鹰道 | ⃣杭州·豆腐皮古道 | ⃣诸暨·走马岗 | ⃣绍兴·梅坞古道 | ⃣浙江·大洋山岛 | ⃣宁波·东盘山,"1️⃣临安·太子尖
👣距离：12km
✨亮点：云海日出、高山草甸，站在山顶俯瞰连绵群山，朝霞漫过山巅，氛围感直接拉满！
🍃最佳时节：9月-11月
	
2️⃣台州·水桶岙
👣距离：8km
✨亮点：滨海悬崖、彩色礁石，面朝蔚蓝大海，一路山海相伴，海边徒步出片天花板‼️
🍃最佳时节：9月-10月
	
3️⃣临安·大树王国
👣距离：10km
✨亮点：千年古树、原始密林，参天巨木遮天蔽日，穿行绿野秘境，治愈感满满‼️
🍃最佳时节：全年皆宜，秋季更佳
	
4️⃣绍兴·飞鹰道
👣距离：9km
✨亮点：岩壁栈道、天然石窟，沿着崖壁前行，怪石山泉相伴，惊险又好玩‼️
🍃最佳时节：10月-12月
	
5️⃣杭州·豆腐皮古道
👣距离：11km
✨亮点：清幽古道、碧绿水潭，山林翠谷，一汪翡翠色湖水，静谧森系很出片‼️
🍃最佳时节：9月-11月
	
6️⃣诸暨·走马岗
👣距离：10km
✨亮点：千年香榧古树、万亩竹海，登高俯瞰连绵山谷，山野视野开阔‼️
🍃最佳时节：10月中下旬
	
7️⃣绍兴·梅坞古道
👣距离：9km
✨亮点：翠绿竹海、静谧水库，林间古道穿行，湖水倒映竹林，清新治愈‼️
🍃最佳时节：9月-11",needs_place_review,2026-09-30
690489950000000004006e51,https://www.xiaohongshu.com/explore/690489950000000004006e51,临安小众徒步路线,醉美指南村｜秋日徒步赏枫正当时,一起去玩吖,210,391,39,yes,🗺️ 路线概况 | · 路线：横渡村 → 临川古道 → 指南村 → 天池 → 梯田 → 返回横渡村 | 1. 横渡村起点银杏,· 路线：横渡村 | 临川古道 | 指南村 | 天池 | 梯田 | 返回横渡村 | 横渡村起点银杏 | 指南村天池 | 古树群与七古广场 | 梯田观景台,"🍂🍂🍂秋天的指南村就像打翻的调色盘，银杏金黄、枫叶火红，被誉为""华东最美古村落之一""，收藏这篇，带你轻松打卡绝美秋景！📸
	
🗺️ 路线概况
· 路线：横渡村 → 临川古道 → 指南村 → 天池 → 梯田 → 返回横渡村
· 总长：约6公里小环线
· 难度：★☆☆☆☆（休闲级，适合新手、亲子）
· 建议时长：4-5小时（含拍照、休息）
	
🌟 必打卡景点
1. 横渡村起点银杏
· 徒步起点有两棵金黄银杏，古朴意境拉满，适合拍出发照。
	
2. 临川古道
· 青石板路蜿蜒在五彩林间，阳光透过树叶洒下光斑，氛围感十足。
· 沿途有火山熔岩石流坡地质景观，边徒步边赏奇石。
	
3. 指南村天池
· 村中心15亩天然池塘，池水碧绿，倒映着白墙黛瓦和红枫银杏，拍照绝佳。
· 北侧有千年银杏王，落叶时节满地金黄，非常出片。
	
4. 古树群与七古广场
· 村里有300多株百年以上古树（包括枫香、银杏），其中8株千年古枫树红叶似火。
· 七古广场（以古姓、古塘、古树、古祠、古庙、古宅、古墓闻名）常有共富集市，能体验手工麻糍等农家乐趣。
	
5. 梯田观景台
· 村旁470亩梯田，秋季稻谷金黄或色彩斑",needs_place_review,2026-09-30
6ab474240000000014038ff3,https://www.xiaohongshu.com/explore/6ab474240000000014038ff3,临安小众徒步路线,指南村（5~8km）：华东秋景天花板,山谱（山野路书）,23,29,7,no,,,,needs_note_review,2026-09-30
69f7765d000000001b021a46,https://www.xiaohongshu.com/explore/69f7765d000000001b021a46,临安小众徒步路线,被狠狠治愈了！杭州版阿勒泰，高山草甸轻徒步,Summer,224,432,77,yes,,,,needs_note_review,2026-09-30
6a961ebd0000000011037442,https://www.xiaohongshu.com/explore/6a961ebd0000000011037442,临安小众徒步路线,杭州小众神仙古道！梯田云海氛围感拉满,旅游推荐官A,22,29,5,no,,,,needs_note_review,2026-09-30
69198ca300000000070336c2,https://www.xiaohongshu.com/explore/69198ca300000000070336c2,临安小众徒步路线,银杏黄了，枫叶红了，指南村徒步,QQQiu吃喝玩乐,106,142,23,no,,,,needs_note_review,2026-09-30
690af4fc000000000503093f,https://www.xiaohongshu.com/explore/690af4fc000000000503093f,临安小众徒步路线,🍁临安指南村(6km）轻徒步｜误入江南油画金秋,山野晓白,105,148,22,no,,,,needs_note_review,2026-09-30
6ab3557c0000000014001137,https://www.xiaohongshu.com/explore/6ab3557c0000000014001137,临安小众徒步路线,中秋出逃｜上海直达临安大树王国治愈感满分,想吃蛋黄派,4,7,0,no,,,,needs_note_review,2026-09-30
6950cbb9000000001f006904,https://www.xiaohongshu.com/explore/6950cbb9000000001f006904,临安小众徒步路线,仙居临安太湖源徒步,今天你玩了嘛,51,63,7,no,,,,needs_note_review,2026-09-30
6aa6723f000000002601d751,https://www.xiaohongshu.com/explore/6aa6723f000000002601d751,余杭古道徒步路线,杭州径山寺古道徒步｜微全避坑路线,Liona,19,26,4,no,,,,needs_note_review,2026-09-30
6aabba7900000000290128f0,https://www.xiaohongshu.com/explore/6aabba7900000000290128f0,余杭古道徒步路线,独松关环线｜南宋古关隘，竹海古道古寺,阿菜,338,612,50,yes,,,,needs_note_review,2026-09-30
69f71f480000000022027f34,https://www.xiaohongshu.com/explore/69f71f480000000022027f34,余杭古道徒步路线,径山·古道｜杭州徒步4.5km轻徒步🍃亲子友好,月亮邮递员🌛,94,154,8,no,,,,needs_note_review,2026-09-30
6a0478850000000008002568,https://www.xiaohongshu.com/explore/6a0478850000000008002568,余杭古道徒步路线,江浙沪牛马徒步必打卡路线丨余杭径山古道,户外IVAN,592,771,50,yes,,,,needs_note_review,2026-09-30
6954e2cc000000001e000eab,https://www.xiaohongshu.com/explore/6954e2cc000000001e000eab,余杭古道徒步路线,每周一徒No.49 | 余杭王位山古道⛰️,Anita_潦草侠🦐,71,76,22,no,,,,needs_note_review,2026-09-30
69e4be97000000002102cc73,https://www.xiaohongshu.com/explore/69e4be97000000002102cc73,余杭古道徒步路线,🍃人少景美｜东明山九度岭野路7km小环线,小BUS嗒嘀嗒嘀嗒,322,631,53,yes,,,,needs_note_review,2026-09-30
69c2563e00000000230073e8,https://www.xiaohongshu.com/explore/69c2563e00000000230073e8,余杭古道徒步路线,🔥杭州周边｜9条春季神仙徒步路线 闭眼冲,A骏进企业团建,381,591,12,yes,,,,needs_note_review,2026-09-30
6aa3daea0000000012036aed,https://www.xiaohongshu.com/explore/6aa3daea0000000012036aed,余杭古道徒步路线,九度岭古道（9~12km）：竹海光影绝绝子,山谱（山野路书）,21,48,0,no,,,,needs_note_review,2026-09-30
6a03450000000000070254c8,https://www.xiaohongshu.com/explore/6a03450000000000070254c8,余杭古道徒步路线,每周一⛰️| 径山古道12km环线,🥕Veraquan,117,161,11,no,,,,needs_note_review,2026-09-30
6a1ed3770000000021023d93,https://www.xiaohongshu.com/explore/6a1ed3770000000021023d93,余杭古道徒步路线,,向溪行,61,149,12,no,,,,needs_note_review,2026-09-30
6aa29b51000000002b01c58c,https://www.xiaohongshu.com/explore/6aa29b51000000002b01c58c,余杭古道徒步路线,江浙沪千年烽烟徒步路线丨余杭九度岭古道,户外IVAN,261,352,41,yes,,,,needs_note_review,2026-09-30
69ad2ab6000000002801eaa2,https://www.xiaohongshu.com/explore/69ad2ab6000000002801eaa2,余杭古道徒步路线,杭宣古道，不建议徒步爱好者前往。,山悟空,7,4,5,no,,,,needs_note_review,2026-09-30
692ad244000000000d00eb69,https://www.xiaohongshu.com/explore/692ad244000000000d00eb69,余杭古道徒步路线,强推❗️余杭超小众徒步攻略-白鹤山森林古道,June,80,179,11,no,,,,needs_note_review,2026-09-30
6a918fc9000000002501858a,https://www.xiaohongshu.com/explore/6a918fc9000000002501858a,余杭古道徒步路线,径山古道｜打工人周末·2小时新手徒步攻略,小满在径山,288,419,30,yes,,,,needs_note_review,2026-09-30
6a252515000000001702ad24,https://www.xiaohongshu.com/explore/6a252515000000001702ad24,余杭古道徒步路线,余杭小众徒步路线，瓶窑白鹤山森林古道,春去秋来,53,103,6,no,,,,needs_note_review,2026-09-30
6a9c04d90000000011037d6f,https://www.xiaohongshu.com/explore/6a9c04d90000000011037d6f,余杭古道徒步路线,江浙沪徒步｜径山古道-余杭“小九寨”🤓,小小小小小太阳🥕,21,16,10,no,,,,needs_note_review,2026-09-30
6ab129ff000000003300a87c,https://www.xiaohongshu.com/explore/6ab129ff000000003300a87c,余杭古道徒步路线,杭州径山古道|轻徒步路线！！,小蜜瓜,2,1,0,no,,,,needs_note_review,2026-09-30
6a868831000000002800a0f3,https://www.xiaohongshu.com/explore/6a868831000000002800a0f3,余杭古道徒步路线,杭州8条夏日避暑徒步路线｜进山吸氧纳凉,栖山游步会,12,31,4,no,,,,needs_note_review,2026-09-30
6ab3d90b000000000b00464f,https://www.xiaohongshu.com/explore/6ab3d90b000000000b00464f,余杭古道徒步路线,9.19 杭州余杭龙坞古道徒步实况：,Kyle,1,2,0,no,,,,needs_note_review,2026-09-30
69e797be000000001a03731f,https://www.xiaohongshu.com/explore/69e797be000000001a03731f,桐庐徒步路线,江浙沪徒步天花板！马岭古道周末治愈计划,是清瞳不是青铜,2235,3252,99,yes,,,,needs_note_review,2026-09-30
69da493c000000001e00da39,https://www.xiaohongshu.com/explore/69da493c000000001e00da39,桐庐徒步路线,📍【杭州·桐庐】马岭古道徒步攻略分享,我不是小孩,727,725,17,yes,,,,needs_note_review,2026-09-30
6a85a53000000000240267d3,https://www.xiaohongshu.com/explore/6a85a53000000000240267d3,桐庐徒步路线,马岭古道｜江浙沪徒步封神路线❗️至今没走出,能量生活手记🌿,195,326,34,no,,,,needs_note_review,2026-09-30
6a25625f000000001c024dfc,https://www.xiaohongshu.com/explore/6a25625f000000001c024dfc,桐庐徒步路线,徒步｜小白第2⃣️徒｜桐庐·马岭古道,慈心端行,516,667,69,yes,,,,needs_note_review,2026-09-30
69ffbad20000000008031031,https://www.xiaohongshu.com/explore/69ffbad20000000008031031,桐庐徒步路线,江浙沪巨美徒步路线｜闯入富春山居马岭古道,远离喧嚣whale,626,962,28,yes,,,,needs_note_review,2026-09-30
6a4e565d000000001101cb3c,https://www.xiaohongshu.com/explore/6a4e565d000000001101cb3c,桐庐徒步路线,🌿桐庐马岭古道｜杭州避暑玩水徒步路线攻略,能量生活手记🌿,335,527,67,yes,,,,needs_note_review,2026-09-30
69e45f50000000001d01add5,https://www.xiaohongshu.com/explore/69e45f50000000001d01add5,桐庐徒步路线,桐庐·马岭古道 你就去吧！,莉娅在家,2269,3013,176,yes,,,,needs_note_review,2026-09-30
69cfc902000000001b003385,https://www.xiaohongshu.com/explore/69cfc902000000001b003385,桐庐徒步路线,杭州周末｜桐庐马岭古道11km轻徒步,弗贝贝,942,906,64,yes,,,,needs_note_review,2026-09-30
6aba59bc00000000130183ad,https://www.xiaohongshu.com/explore/6aba59bc00000000130183ad,桐庐徒步路线,江浙沪入门徒步天花板！马岭古道12km零爬升,joy&star,16,28,10,no,,,,needs_note_review,2026-09-30
6a61e2e9000000000100d7ce,https://www.xiaohongshu.com/explore/6a61e2e9000000000100d7ce,桐庐徒步路线,瑶琳国家森林公园，  3km 徒步环线攻略,禾呈周游记,131,159,25,no,,,,needs_note_review,2026-09-30
6a41b59f000000001101085c,https://www.xiaohongshu.com/explore/6a41b59f000000001101085c,桐庐徒步路线,零难度徒步，马岭古道3条路线一次性讲讲！,卷卷心,388,631,21,yes,,,,needs_note_review,2026-09-30
6a741ad90000000028003714,https://www.xiaohongshu.com/explore/6a741ad90000000028003714,桐庐徒步路线,桐庐马岭古道徒步溯溪攻略（自驾版）,北海松子🌰,89,132,28,no,,,,needs_note_review,2026-09-30
6a813fce00000000280025c4,https://www.xiaohongshu.com/explore/6a813fce00000000280025c4,桐庐徒步路线,马岭古道，菜鸟亲测好评,一起去兜兜,97,117,28,no,,,,needs_note_review,2026-09-30
6a9c181a000000000d025269,https://www.xiaohongshu.com/explore/6a9c181a000000000d025269,桐庐徒步路线,浙江桐庐马岭古道徒步🚶最新攻略（无车版）！,Jayson,178,260,23,no,,,,needs_note_review,2026-09-30
69bd2a99000000002102d001,https://www.xiaohongshu.com/explore/69bd2a99000000002102d001,桐庐徒步路线,杭州出发2h，我找到了桐庐现实中的游戏世界,旅行中的Elon Lee,735,779,58,yes,,,,needs_note_review,2026-09-30
69e834ae000000001a027ac3,https://www.xiaohongshu.com/explore/69e834ae000000001a027ac3,桐庐徒步路线,桐庐最美徒步线🌿马岭古道手绘地图解锁✨,桐庐岩朵山宿,158,217,7,no,,,,needs_note_review,2026-09-30
6a8e39db000000000700691f,https://www.xiaohongshu.com/explore/6a8e39db000000000700691f,桐庐徒步路线,马岭古道|江浙沪徒步新手友好路线🌱,榛子在路上,588,330,41,yes,,,,needs_note_review,2026-09-30
688c7d270000000023018335,https://www.xiaohongshu.com/explore/688c7d270000000023018335,桐庐徒步路线,江浙沪最美徒步系列第六期——马岭古道🏞️,七小温,10197,13748,464,yes,,,,needs_note_review,2026-09-30
