note_id,note_url,route_title,search_keyword,likes,saves,kind,place_count,place_names,route_excerpt,review_status
6a29471500000000060222c8,https://www.xiaohongshu.com/explore/6a29471500000000060222c8,杭州15条徒步线路推荐｜从小白到毕业🧑‍🎓,杭州小众徒步路线,2250,3019,合集待拆分,15,湘湖老虎洞 | 娘娘山环线 | 九溪十八涧环线 | 豆腐皮古道 | 西湖小猪线 | 西湖小松鼠线 | 鸬鸟山环线 | 午潮山小金刚 | 西湖爱心线 | 西湖小猫线 | 西湖Q马线 | 西湖圣诞树线 | 西湖心碎线 | 西湖标毅线 | 风浙线(疯浙线),[一R]湘湖老虎洞：历史人文古遗址，兼具湖光山色，新手入门shou选和亲子 | [二R]娘娘山环线：秋日景色蕞佳 + 湖光山色，《向往的生活》第七季拍摄地 | [三R]九溪十八涧环线：杭州经典入门线，溪谷 + 茶园风光，四季皆美,先拆分多条路线
69d79de6000000001b022367,https://www.xiaohongshu.com/explore/69d79de6000000001b022367,杭州小哀牢山徒步攻略来了！！,杭州小众徒步路线,23000,34000,单路线待核,0,,,待核地点顺序与坐标
6a9544400000000004028ed6,https://www.xiaohongshu.com/explore/6a9544400000000004028ed6,🚶‍➡️杭州4条轻松景美路线｜新手徒步必看,杭州小众徒步路线,419,613,合集待拆分,11,九溪公交车站九溪烟树 | 九溪十八涧 | 龙井村 | 十里琅珰 | 真际院 | 九溪公交车站 | 石舍村 | 茆坪村 | 邵家 | 百步街 | 芦茨村,九溪公交车站九溪烟树➡️九溪十八涧➡️龙井村➡️十里琅珰➡️真际院➡️九溪公交车站 | 一条路线集齐钱塘江江边、溪谷瀑布、千年古寺、万亩茶园、山脊观景，风景层次多变 | 石舍村➡️茆坪村➡️邵家➡️百步街➡️芦茨村,先拆分多条路线
6a086053000000003802086f,https://www.xiaohongshu.com/explore/6a086053000000003802086f,藏在杭州市区的绿野秘境-玉皇山步道🍃,杭州小众徒步路线,1942,2660,单路线待核,5,吴山大观 | 江湖汇观亭 | 积义亭 | 白蛇飞渡木栈道 | 凤凰山游步道,✨路线全程： | 吴山大观 → 江湖汇观亭 → 积义亭 | → 白蛇飞渡木栈道 → 凤凰山游步道,待核地点顺序与坐标
69dcc1dd000000001a0260eb,https://www.xiaohongshu.com/explore/69dcc1dd000000001a0260eb,杭州徒步封神线｜一天逛遍4个5A景🏔️,杭州小众徒步路线,4153,4975,单路线待核,7,龙井村 | 十里琅珰 | 五云山 | 云栖竹径 | 九溪 | 九溪烟树 | 上午9点前出发,徒步天花板路线——九溪→龙井村→十里琅珰→五云山→云栖竹径🌿 | 🗺️ 路线详情（黄金分段版） | 1. 🌊 第一站：九溪→龙井村,待核地点顺序与坐标
6a488d330000000021016fac,https://www.xiaohongshu.com/explore/6a488d330000000021016fac,在杭州，我最喜欢的徒步路线出现了🍃（附攻略,杭州小众徒步路线,1958,2138,单路线待核,7,九溪(公交站) | 九溪十八涧 | 杭州西湖风景名胜区-理安寺 | 龙井村 | 十里琅珰 | 真际院 | 云栖竹径,1️⃣ 九溪(公交站) | 2️⃣ 九溪十八涧 | 3️⃣ 杭州西湖风景名胜区-理安寺,待核地点顺序与坐标
6a9e812600000000110320f1,https://www.xiaohongshu.com/explore/6a9e812600000000110320f1,杭州懒人版徒步｜风景100 分，腿酸 0 分,杭州小众徒步路线,237,256,单路线待核,6,西溪湿地慢游（西湖区） | 西湖环湖精华段（西湖区） | 湘湖环湖绿道（萧山区） | 太子湾-八卦田遗址（西湖区） | 径山寺（余杭区） | 青山湖环湖绿道（临安区）,我相信很多人想去徒步但是苦于路线之长，时间之久，身体之累，而且走到一半假如累的想回家，前不着村后不着店，只能硬着头皮走完，但是下面这6条路线，完全可以不应担心，作为一个资深懒人，我徒步的底线是——风景必须美，想走就可以走，想停就停，下面六条路线完全可以满足所有需求，走多走少看心情，不想走还可以坐车。 | 1️⃣西溪湿地慢游（西湖区） | 2️⃣西湖环湖精华段（西湖区）,待核地点顺序与坐标
6a8ebea8000000002a03bf5e,https://www.xiaohongshu.com/explore/6a8ebea8000000002a03bf5e,杭州龙坞山野徒步｜一半茶园，一半湖水 🍵🍃,龙坞茶山徒步路线,285,347,单路线待核,2,步道包含部分泥土路面 | 山林蚊虫较多,📍地址：西湖区龙坞何家村·光明寺水库 | 🥾游玩路线 | ▫️拍照打卡路线,待核地点顺序与坐标
69a1510d0000000028008d30,https://www.xiaohongshu.com/explore/69a1510d0000000028008d30,杭州神仙徒步路线🚶新手也能轻松拿捏✨,龙坞茶山徒步路线,460,598,单路线待核,11,进善亭 | 半山亭 | 圣寿无疆 | 东坡洗砚池 | 道渊亭 | 径山寺 | 西湖 | 梅家坞 | 十里琅珰 | 龙井村 | 狮峰,整理了4条新手友好的宝藏路线，每一条都美到窒息，收藏起来周末就冲！ | 📍路线：起点/终点 → 进善亭 → 半山亭 → 圣寿无疆 → 东坡洗砚池 → 道渊亭 → 径山寺 | 📍路线：西湖 → 梅家坞 → 十里琅珰 → 龙井村 → 狮峰,待核地点顺序与坐标
69b42ef5000000002800baf4,https://www.xiaohongshu.com/explore/69b42ef5000000002800baf4,龙坞茶山徒步 把整个春天装进眼里,龙坞茶山徒步路线,998,1256,单路线待核,0,,藏在杭州的治愈徒步路线。,待核地点顺序与坐标
69b93855000000001a022e30,https://www.xiaohongshu.com/explore/69b93855000000001a022e30,徒步vlog🍃龙坞茶山小环线🫶🏻春天上春山,龙坞茶山徒步路线,1218,424,单路线待核,0,,发现一条超轻松的治愈徒步路线 | ☕️从有咖啡、农家乐、小吃的何家村市集开启路线,待核地点顺序与坐标
69aa37ee000000001d011d1c,https://www.xiaohongshu.com/explore/69aa37ee000000001d011d1c,居然是杭州❗超震撼的无人徒步路线有点绝❗,杭州小众徒步路线,1187,1954,单路线待核,3,黄弹村出发 | 探秘王殿遗址 | 抵达石梯古村,🚶‍♂️徒步推荐路线： | 📍黄弹村出发，沿悬崖水渠行走，心跳加速的开端 | 📍探秘王殿遗址，穿越野猫岭古道,待核地点顺序与坐标
69ef47da0000000022025398,https://www.xiaohongshu.com/explore/69ef47da0000000022025398,杭州的这条线真的是绿野仙踪啊🌿,杭州小众徒步路线,537,614,单路线待核,9,吴山广场（地铁7号线可直达） | 城隍阁 | 万松书院 | 凤凰山 | 玉皇山 | 八卦田 | 九曜山 | 长桥公园 | 吴山广场,✅路线：吴山广场（地铁7号线可直达）→城隍阁→万松书院→凤凰山→玉皇山→八卦田→九曜山→长桥公园→吴山广场,待核地点顺序与坐标
69eae3a90000000019032400,https://www.xiaohongshu.com/explore/69eae3a90000000019032400,建议低能量的人走这条线🍃1h吸氧充电｜杭州,杭州小众徒步路线,765,1002,单路线待核,3,白蛇飞渡桥 | 积义亭 | 林隐西庐,周末实测这条徒步路线真的超适合低能量人群！ | 🗺️路线在末图 | 📍 路线：白蛇飞渡桥 → 积义亭→ 林隐西庐,待核地点顺序与坐标
6ab4aa0b000000001a023917,https://www.xiaohongshu.com/explore/6ab4aa0b000000001a023917,杭州秋天赏桂最甜6km，桂花味的city walk🍂,杭州小众徒步路线,860,972,单路线待核,11,"满觉陇 | 汤屋 | 白鹤峰 | 杨梅岭 | 理安寺 | 九溪烟树 | 地铁 3 号线黄龙洞站 B 口 | 转 87 路赏桂专线 | 满觉陇｜新西湖十景 ""满陇桂雨"" | 白鹤峰秋千｜山顶荡个秋千 | 杨梅岭｜茶山小村落",杭州秋天赏桂经典路线，我愿意称之为杭州秋天天花板！ | 💡徒步路线：石屋洞 → 满觉陇 → 汤屋 → 白鹤峰 → 杨梅岭 → 理安寺 → 九溪烟树 | 地铁 3 号线黄龙洞站 B 口→转 87 路赏桂专线→石屋洞站下，返程从九溪公交站坐车，不走回头路！,待核地点顺序与坐标
69e76fca00000000220273c8,https://www.xiaohongshu.com/explore/69e76fca00000000220273c8,杭州雨天徒步｜虎跑→九溪→云栖竹径（附攻略）,杭州小众徒步路线,3264,3513,单路线待核,5,虎跑公园 | 九溪烟树 | 九溪十八涧 | 十里琅珰 | 云栖竹径,雨天的杭州从不是游玩的阻碍，而是解锁江南秘境的最佳时机。避开人潮，循着虎跑、九溪到云栖竹径的徒步路线，穿行在烟雨笼罩的山林间，看泉水潺潺、茶园叠翠、翠竹成荫，沉浸式感受杭州独有的清幽诗意。 | 🗺️路线信息 | 🔁虎跑公园→九溪烟树→九溪十八涧→十里琅珰→云栖竹径,待核地点顺序与坐标
6a8ffe98000000001803c111,https://www.xiaohongshu.com/explore/6a8ffe98000000001803c111,杭州6条秋日赏景徒步路线｜徒步新手必看,杭州小众徒步路线,453,995,合集待拆分,14,​​ | 霁虹桥 | 浴鹄湾 | 乌龟潭 | 三台山路 | 茅家坞 | 黛色参天亭 | 上香古道 | 郭庄公交车站 | 灵隐寺检票口 | 法镜寺 | 法净寺 | 法喜寺 | 上天竺公交车站,​​路线​​：浴鹄湾公交车站→霁虹桥 →浴鹄湾 →乌龟潭 →三台山路 →茅家坞 →黛色参天亭 →上香古道 →郭庄公交车站 | ​​路线​​：灵隐东公交车站 →灵隐寺检票口 →法镜寺 →法净寺 →法喜寺 →上天竺公交车站 | ​​路线​​：杨梅岭公交车站 →理安寺 →九溪烟树 →林海亭 →九溪 →九溪公交车站,先拆分多条路线
6a2aaa8c000000003502489b,https://www.xiaohongshu.com/explore/6a2aaa8c000000003502489b,杭州天目山懒人徒步✨0废腿！新手小白直接冲,杭州小众徒步路线,1342,1035,单路线待核,3,整条山路全程无小卖部 | 山里绿植多、巨多蚊子🦟 | 下山超级难打车,终于找到杭州最轻松的爬山路线 | 📍地点：杭州临安区｜天目山景区 | ✨省力封神路线（亲测最优）,待核地点顺序与坐标
6aa0c346000000002802c08a,https://www.xiaohongshu.com/explore/6aa0c346000000002802c08a,快来｜杭州徒步九溪-十里琅珰赏秋🍂,杭州宝藏徒步路线,330,547,单路线待核,6,九溪烟树 | 九溪十八涧 | 龙井村 | 十里琅珰 | 三分叉 | 真迹院,🗺️徒步路线：九溪公交车站-九溪烟树-九溪十八涧-龙井村-十里琅珰-三分叉-真迹院-五云山-九溪公交站 | 1️⃣九溪烟树：溪水潺潺，打卡九溪瀑布 | 2️⃣九溪十八涧：溪水流淌的石子路，早起还有雾气，简直美飞了！,待核地点顺序与坐标
6ab4eeb0000000001b031482,https://www.xiaohongshu.com/explore/6ab4eeb0000000001b031482,满觉陇—九溪徒步路线｜赏桂徒步路线,杭州宝藏徒步路线,972,1558,单路线待核,11,四眼井公交站 | 石屋洞 | 下满觉陇 | 汤屋 | 白鹤峰 | 上满觉陇 | 杨梅岭 | 理安寺 | 九溪烟树 | 九溪公交站 | 千与千寻同款汤屋,6.6km轻徒步｜2-3小时 一路甜香到九溪 | 🚶♀️【路线】 | 四眼井公交站→石屋洞→下满觉陇→汤屋→白鹤峰→上满觉陇→杨梅岭→理安寺→九溪烟树→九溪公交站,待核地点顺序与坐标
69e19608000000001a0204f8,https://www.xiaohongshu.com/explore/69e19608000000001a0204f8,杭州市区玉皇山徒步路线，途径20+打卡点,杭州宝藏徒步路线,239,297,单路线待核,1,地铁或打车到吴山广场,藏在杭州市中心的宝藏徒步路线，全程12公里，轻松不累，亲子宠物友好，打卡景点超过20个，拍照也很出片。感觉这条路线可以挤进江浙沪必走的徒步路线榜前十吧。 | 从上海出发南站坐高铁→(40分钟)杭州东站→地铁或打车到吴山广场 | P.S.我们走的是吴山广场起点的路线，适合早餐空腹坐高铁来，在起点附近商业街吃一顿brunch然后开始走全程12公里路线。还有另一种是反穿，可以直接打车到八卦田，从八卦田开始往上爬玉皇山。这个反穿路线好像就要买玉皇山10元门票，适合吃饱早饭出门，一路走完12公里，终点到晓霞弄河坊街饱餐一顿。,待核地点顺序与坐标
6a05df3d00000000350299b6,https://www.xiaohongshu.com/explore/6a05df3d00000000350299b6,杭州小九寨🔥豆腐皮古道徒步保姆级攻略🍃,杭州宝藏徒步路线,420,716,单路线待核,5,竹林小径 | 大垟坞水库（杭州小九寨） | 观景台 | 茶园段 | 古道石阶,我踩遍了周边山野，豆腐皮古道是我近期挖到的宝藏路线✨ | ✅【路线怎么选？3种玩法按需pick】 | 1. 竹林小径：仰拍竹林+低角度拍步道，用大光圈虚化前景，自带森系滤镜，晴天光影绝了,待核地点顺序与坐标
6944a2e2000000001e000fc4,https://www.xiaohongshu.com/explore/6944a2e2000000001e000fc4,杭州最美徒步｜九溪五云山6.9km路线🍃,杭州宝藏徒步路线,522,693,单路线待核,1,信息,在杭州，有一条经典的宝藏徒步路线：从九溪公交站出发，从五云山一路向上，下至龙井村，途中便经过超美的“十里琅珰”山脊。 | 本次路线从五云山上山，整体爬升和缓、台阶平缓，沿途可以看到连绵茶山与开阔山脊景色。即便在12月中旬，秋叶已落，满山茶园依然绿意层叠，风景不错。 | 📍 路线信息,待核地点顺序与坐标
692d61fb000000001e025431,https://www.xiaohongshu.com/explore/692d61fb000000001e025431,杭州徒步天花板！这条环线把山野浪漫焊死了,龙坞茶山徒步路线,771,1270,单路线待核,7,鉴远亭 | 大洋坞水库 | 豆腐皮古道 | 飞凤岩观景台 | 挹翠亭 | 龙坞茶园 | 光明寺水库,📍地址：西湖区西山国家森林公园（直接导航） | 🗺️路线：西山森林公园→鉴远亭→大洋坞水库→豆腐皮古道→飞凤岩观景台→挹翠亭→龙坞茶园→光明寺水库→返程 | #杭州徒步[话题]# #杭州周末去哪儿[话题]# #西山森林公园[话题]# #豆腐皮古道[话题]# #龙坞茶园[话题]# #光明寺水库[话题]# #杭州周边游[话题]# #徒步路线推荐[话题]# #户外吸氧[话题]# #城市逃离计划[话题]#,待核地点顺序与坐标
6a0a94c90000000006030438,https://www.xiaohongshu.com/explore/6a0a94c90000000006030438,杭州湘湖🌟新十景🍃徒步环线攻略（2026最新）,湘湖小众徒步路线,1450,1343,单路线待核,5,湘堤卧波（湘湖长堤六桥） | 湖心云影（湖中央水鸟+云影） | 越堤夕照（越堤落日） | 湖桥拾梦（各式古桥） | 精简版（时间不够选这个,1. 跨湖问史（跨湖桥/遗址博物馆） | 2. 湘堤卧波（湘湖长堤六桥） | 3. 湖心云影（湖中央水鸟+云影）,待核地点顺序与坐标
69db65b7000000001a034fa8,https://www.xiaohongshu.com/explore/69db65b7000000001a034fa8,湘湖老虎洞徒步2026年最全保姆级攻略和路线,湘湖小众徒步路线,289,453,单路线待核,4,上山路不会走错 | 因施工 | 沿路继续向前走 | 沿越王路一直走,🚶🏽‍♀️路线：汤家井社区警务室—癞子山—华眉山—老虎洞山—莲华古寺—财神殿—越王路—汤堰路—汤家井社区警务室 | 🗺️路线概述： | 1⃣️入口。虽定位明确是汤家井社区警务室，但实际到的时候易产生错觉这不是目的地，因为这个楼没有挂警务室的牌子，请认准这个楼，对面是两侧竹篱笆的路（P2P3P5),待核地点顺序与坐标
68fb56d50000000004013e45,https://www.xiaohongshu.com/explore/68fb56d50000000004013e45,湘湖老虎洞徒步路线,湘湖小众徒步路线,624,855,单路线待核,2,山脊漫步 | 邂逅“小瑞士,湘湖老虎洞7公里小众环线徒步全攻略：硬核开场→山脊漫步→邂逅“小瑞士”→探秘古寺｜免费停车+亲子首选。拯救无聊周末2小时就能走完！#周末去哪儿[话题]# #户外徒步[话题]# #亲子游玩好去处[话题]# #杭州旅游[话题]# #一周一山[话题]# #老虎洞[话题]# #湘湖[话题]# #西湖[话题]# #徒步路线推荐[话题]# #户外[话题]#,待核地点顺序与坐标
692644be000000001d03b401,https://www.xiaohongshu.com/explore/692644be000000001d03b401,秋天的湘湖美到封神 小环线13公里徒步路线,湘湖小众徒步路线,298,352,单路线待核,13,景观亭 | 观景台 | 石栈道 | 先照寺 | 一览亭先照寺牌坊 | 湖山广场 | 杨堤 | 越王路 | 竹坞探幽 | 卧薪尝胆遗址 | 望湖亭 | 枕流桥 | 引鹭桥,推荐路线：湘湖路西山游步道起步→ 景观亭→ 观景台→ 石栈道→ 先照寺→ 一览亭先照寺牌坊→ 湖山广场→ 杨堤→ 越王路→ 竹坞探幽→ 卧薪尝胆遗址→ 望湖亭→ 枕流桥→ 引鹭桥→ 湘浦观鱼，全程13公里，用时约5小时,待核地点顺序与坐标
69e9a3d8000000002200c185,https://www.xiaohongshu.com/explore/69e9a3d8000000002200c185,湘湖5km入门级徒步 这才是春天最美的样子～,湘湖小众徒步路线,483,518,单路线待核,10,🔄环线路径 | 点将台 | 越王祠 | 卧薪尝胆遗址 | 竹坞探幽 | 荷花庄 | 城山广场 | 穿越千年遗址 | 山顶行走（图12） | 俯瞰湘湖,📍路线：湘湖·越王城山5km小环线 | 🔄环线路径：城山广场→点将台→越王祠→卧薪尝胆遗址→竹坞探幽→荷花庄→城山广场 | ✨【路线亮点】,待核地点顺序与坐标
6925366c00000000190251bb,https://www.xiaohongshu.com/explore/6925366c00000000190251bb,不去西湖，来湘湖沉浸式徒步,湘湖小众徒步路线,293,284,单路线待核,3,秋天的湘湖杉林渐渐变黄 | 湘湖总面积大 | 还有湘湖的桥数不胜数,[一R]秋天的湘湖杉林渐渐变黄，漫步在杉间小道，如同在色彩斑斓的童话世界； | [二R]湘湖总面积大，不像西湖游人如织，可以悠闲的漫步其中，如果要来露营的话，大草坪也很多； | [三R]还有湘湖的桥数不胜数，应该不止50座吧，形态各异，大家去的时候可以留意到底有多少座桥，反正我数到最后已懵圈[笑哭R],待核地点顺序与坐标
69318080000000001e00ec6c,https://www.xiaohongshu.com/explore/69318080000000001e00ec6c,大手牵小手，徒步走进富阳山野画卷！,富阳古道徒步路线,204,338,单路线待核,0,,途经童话般的杏梅坞水库 | #富阳旅游[话题]# #江浙沪小众游[话题]# #富春山居休闲富阳[话题]# #亲子徒步[话题]# #杭州周边游[话题]# #现在徒步正好[话题]# #周末徒步[话题]# #秋日散步美学[话题]# #徒步路线[话题]# #赏秋去哪儿[话题]#,待核地点顺序与坐标
6925190b000000001e021a0a,https://www.xiaohongshu.com/explore/6925190b000000001e021a0a,江浙沪最美徒步系列第十期——富阳黄弹石梯✨,富阳古道徒步路线,599,1030,单路线待核,9,石梯弄口 | 石梯峡谷 | 王殿遗址 | 石梯古村落 | 野猫路古道 | 钟塔村 | 钟塔岭古道 | 石凉亭 | 里黄弹,[打卡R]全程13公里，累计爬升约800米，也是一条人少景美的小众路线，下面跟着我的镜头一起走进这片原始秘境吧~ | [打卡R]徒步路线：锦峰人家（原仙人峰山庄）→石梯弄口→石梯峡谷→王殿遗址→石梯古村落→野猫路古道→钟塔村→钟塔岭古道→石凉亭→里黄弹→起点停车场,待核地点顺序与坐标
69fc6464000000001f00496f,https://www.xiaohongshu.com/explore/69fc6464000000001f00496f,江浙沪4条经典古道徒步！完整走下来才过瘾,富阳古道徒步路线,255,311,合集待拆分,4,豆腐皮古道 | 徽杭古道 | 径山古道 | 马岭古道（桐庐段）,1️⃣ 豆腐皮古道 | 📍路线：大洋坞水库—豆腐皮古道—大斗山—骑行公园 | 2️⃣ 徽杭古道,先拆分多条路线
68a346e1000000001b034d2f,https://www.xiaohongshu.com/explore/68a346e1000000001b034d2f,徒步路线2⃣️龙门山古道,富阳古道徒步路线,348,589,单路线待核,1,最后一段有少量乱石堆,周末不想宅家，又怕远途折腾娃？富阳这条「龙门山古道」亲子徒步路线，亲测好玩不费妈，小众还人少，快收好！ | 🌳路线速览：对娃超友好的难度 | 📍导航&停车：新手不迷路,待核地点顺序与坐标
69227118000000001e01079f,https://www.xiaohongshu.com/explore/69227118000000001e01079f,亲子秘境⛰️豆腐皮古道4km小环线太适合了‼️,富阳古道徒步路线,822,1434,单路线待核,11,大洋坞水库 | 古道入口（入口和出口靠近） | 大德岭 | 飞凤岩观景台 | 鉴远亭 | 返回大洋坞水库 | 走就不会错 | 宝石般的水库风光 | 迷人的观景台 | 多样的自然景观 | 历史文化的熏陶,🗺 具体路线 | 大洋坞水库 → 古道入口（入口和出口靠近）→ 大德岭 → 飞凤岩观景台 → 鉴远亭 → 返回大洋坞水库 | [打卡R]这是一个顺时针环线，途中遇到三个分岔口，一律往右➡️走就不会错。,待核地点顺序与坐标
69eb907d000000003502d6db,https://www.xiaohongshu.com/explore/69eb907d000000003502d6db,江浙沪最美徒步路线第十二集｜富阳杏梅尖,富阳古道徒步路线,1971,3227,单路线待核,0,,#户外徒步[话题]# #每周一山[话题]# #徒步路线推荐[话题]##对我友好的旅行[话题]# #出片友好旅行[话题]# #杏梅尖[话题]# #江浙沪徒步[话题]#,待核地点顺序与坐标
69bfdde80000000023007f6a,https://www.xiaohongshu.com/explore/69bfdde80000000023007f6a,带娃徒步初级进阶版——杭州豆腐皮古道,富阳古道徒步路线,1069,1852,单路线待核,5,路况对娃较友好 | 一路都是治愈系风景 | 有吃有玩完全不无聊 | 仪式感直接拉满 | 定位,1️⃣路况对娃较友好 | 我们走的完整环线全程9公里左右，累计爬升698米，大部分是林间土路、石阶路，没有特别难爬的野路，路上有看到5岁左右娃也能驾驭。这条路也是众多少儿独立徒步团队的必选路线。 | 2️⃣ 一路都是治愈系风景,待核地点顺序与坐标
6a55e99e0000000007028590,https://www.xiaohongshu.com/explore/6a55e99e0000000007028590,浙江徒步挑战榜｜10条路线从入门到王者🏆,富阳古道徒步路线,572,752,合集待拆分,9,杭州九溪十八涧环线 | 嘉兴南北湖土狗线 | 湖州莫干山小环线 | 徽杭古道（永来村 - 江南村） | 杭州西湖爱心线 | 台州水桶岙海岸线 | 富阳杏梅尖环线 | 温州雁荡山五老巅龙脊穿越 | 杭州西湖标毅线,按难度从低到高排序，新手 / 进阶 / 重装大神都能找到适配路线 | 1️⃣杭州九溪十八涧环线 | 2️⃣嘉兴南北湖土狗线,先拆分多条路线
68e780d40000000007003138,https://www.xiaohongshu.com/explore/68e780d40000000007003138,私藏杭州徒步10条路线，休闲到硬核全都有！,富阳古道徒步路线,266,397,合集待拆分,2,🔸徽杭古道（绩溪 | 临安）​,12km/500m 爬升｜千年唐韵古道！沿途茶香飘，古迹藏，终点径山寺满是禅意～觉得路线长，可以开车到山腰，走新手友好的3km 路线🗺️​ | 🔸徽杭古道（绩溪→临安）​ | 12km/600m 爬升｜看陡峭山峰 + 江南最高浙西天池，乐利峰上能俯瞰天池全景，路线可选 12-18km，风景超值❄️​,先拆分多条路线
692d0d43000000001e02c1b3,https://www.xiaohongshu.com/explore/692d0d43000000001e02c1b3,滨江萧山最好的一条爬山线路,滨江徒步路线,333,452,单路线待核,0,,,待核地点顺序与坐标
698fd7f6000000001a02f427,https://www.xiaohongshu.com/explore/698fd7f6000000001a02f427,西岸滨江怎么逛？终于有人整理清楚了！,滨江徒步路线,3227,4558,合集待拆分,0,,,先拆分多条路线
67f0a50a000000000f031530,https://www.xiaohongshu.com/explore/67f0a50a000000000f031530,每周一山 | 杭州滨江冠山公园徒步路线推荐,滨江徒步路线,281,304,合集待拆分,6,乳泉公园 | 冠山禅寺 | 眉廊 | 冠山亭 | 中兴和园西门 | 冠山公园,【路线导航】 | 【徒步路线】 | 乳泉公园→冠山禅寺→眉廊→冠山亭→中兴和园西门→冠山公园→乳泉公园,先拆分多条路线
6a071384000000003502a310,https://www.xiaohongshu.com/explore/6a071384000000003502a310,杭州徒步路线合集！🏃‍♀️,滨江徒步路线,485,387,合集待拆分,0,,#一起来徒步吧[话题]# #轻松徒步路线[话题]# #一周一山[话题]# #户外徒步[话题]#,先拆分多条路线
69103a8f0000000004028070,https://www.xiaohongshu.com/explore/69103a8f0000000004028070,上海citywalk路线🚶🏻‍♀️抄这份攻略就够了,滨江徒步路线,614,640,单路线待核,10,麦当劳中国汉堡大学 | 油罐艺术中心 | 西岸美术馆 | 电影字幕框 | 西岸艺术中心 | 徐汇滨江绿地 | 龙美术馆 | 滨江滑板公园 | START星美术馆 | station1907,各种风格的散步&骑行路线 | ❶徐汇滨江骑行路线 | 麦当劳中国汉堡大学→油罐艺术中心→西岸美术馆→电影字幕框→西岸艺术中心 → 徐汇滨江绿地→龙美术馆→滨江滑板公园→START星美术馆→station1907,待核地点顺序与坐标
69c39a300000000023025469,https://www.xiaohongshu.com/explore/69c39a300000000023025469,杭州9条封神徒步路线🔥保姆级攻略,滨江徒步路线,2283,3164,合集待拆分,15,黄龙洞 | 翠竹千竿 | 宝石山 | 抱朴道院 | 黄龙洞→翠竹千竿→宝石山→抱朴道院 | 九曜山 | 花港观鱼南门→太子湾→九曜阁→南山路 | 吴山-万松岭 | 鼓楼→城隍阁→江湖汇观亭→大马弄 | 玉皇山 | 水澄桥→八卦田→福星观→万松书院 | 北高峰 | 老和云起→老和山→北高峰→法华寺 | 六和塔-虎跑 | 六和塔→大华山→虎跑公园,从新手闭眼冲到进阶挑战，9条路线全覆盖，直接抄作业出发👇 | 1️⃣ 宝石山 | 📍黄龙洞→翠竹千竿→宝石山→抱朴道院,先拆分多条路线
687859c000000000100245f9,https://www.xiaohongshu.com/explore/687859c000000000100245f9,🚶‍♀️暴走滨江沿岸！上海CityWalk首选,滨江徒步路线,3078,4425,单路线待核,0,,魔都宝藏滨江线！徐汇&黄浦滨江真的逛不腻！今天暴走一条超顺路线，从艺术殿堂到工业遗迹，从网红地标到运动公园，一站式打卡N个点，随手拍都是大片！📸 | 📍 我的超顺路线（不走回头路！） | 这条路线几乎囊括了所有精华点，艺术、历史、自然、运动、潮流全都有！,待核地点顺序与坐标
69f98915000000001f004705,https://www.xiaohongshu.com/explore/69f98915000000001f004705,杭州临安龙门秘境溯溪徒步攻略（2026最新）,临安小众徒步路线,397,644,单路线待核,3,龙上村·龙鳞坝（亲子首选 | 石门村·猷溪谷（进阶溯溪 | 大鱼线全程（全景轻徒步,📍位置杭州临安区高虹镇（石门村+龙上村+大山村） | 【3条经典溯溪路线】 | 1️⃣ 龙上村·龙鳞坝（亲子首选，约1km，1h）,待核地点顺序与坐标
68ee3ab10000000007035c82,https://www.xiaohongshu.com/explore/68ee3ab10000000007035c82,临安大树王国，藏在原始森林中宝藏徒步路线,临安小众徒步路线,425,735,单路线待核,0,,#杭州[话题]# #杭州徒步[话题]# #杭州攻略[话题]# #途家[话题]# #途家民宿[话题]# #杭州天目山[话题]# #杭州徒步路线[话题]# #禅源寺[话题]# #杭州旅游攻略[话题]#,待核地点顺序与坐标
6ab90c45000000001b01ceb8,https://www.xiaohongshu.com/explore/6ab90c45000000001b01ceb8,上海出发｜强烈推荐这10条浙江宝藏徒步路线,临安小众徒步路线,492,860,合集待拆分,9,临安·太子尖 | 台州·水桶岙 | 临安·大树王国 | 绍兴·飞鹰道 | 杭州·豆腐皮古道 | 诸暨·走马岗 | 绍兴·梅坞古道 | 浙江·大洋山岛 | 宁波·东盘山,1️⃣临安·太子尖 | 2️⃣台州·水桶岙 | 3️⃣临安·大树王国,先拆分多条路线
690489950000000004006e51,https://www.xiaohongshu.com/explore/690489950000000004006e51,醉美指南村｜秋日徒步赏枫正当时,临安小众徒步路线,210,391,单路线待核,9,临川古道 | 指南村 | 天池 | 梯田 | 返回横渡村 | 横渡村起点银杏 | 指南村天池 | 古树群与七古广场 | 梯田观景台,🗺️ 路线概况 | · 路线：横渡村 → 临川古道 → 指南村 → 天池 → 梯田 → 返回横渡村 | 1. 横渡村起点银杏,待核地点顺序与坐标
