place_name,supporting_notes,existing_place_id_exact,max_note_likes,max_note_saves,source_note_urls,review_status
十里琅珰,6,shili,4153,4975,https://www.xiaohongshu.com/explore/6a9544400000000004028ed6 | https://www.xiaohongshu.com/explore/69dcc1dd000000001a0260eb | https://www.xiaohongshu.com/explore/6a488d330000000021016fac,已有同名地点，仍需核对
九溪烟树,5,jiuxi-yanshu,4153,4975,https://www.xiaohongshu.com/explore/69dcc1dd000000001a0260eb | https://www.xiaohongshu.com/explore/6ab4aa0b000000001a023917 | https://www.xiaohongshu.com/explore/69e76fca00000000220273c8,已有同名地点，仍需核对
龙井村,5,longjing-village,4153,4975,https://www.xiaohongshu.com/explore/6a9544400000000004028ed6 | https://www.xiaohongshu.com/explore/69dcc1dd000000001a0260eb | https://www.xiaohongshu.com/explore/6a488d330000000021016fac,已有同名地点，仍需核对
九溪十八涧,4,jiuxi-18,3264,3513,https://www.xiaohongshu.com/explore/6a9544400000000004028ed6 | https://www.xiaohongshu.com/explore/6a488d330000000021016fac | https://www.xiaohongshu.com/explore/69e76fca00000000220273c8,已有同名地点，仍需核对
云栖竹径,3,yunqi,4153,4975,https://www.xiaohongshu.com/explore/69dcc1dd000000001a0260eb | https://www.xiaohongshu.com/explore/6a488d330000000021016fac | https://www.xiaohongshu.com/explore/69e76fca00000000220273c8,已有同名地点，仍需核对
豆腐皮古道,3,,2250,3019,https://www.xiaohongshu.com/explore/6a29471500000000060222c8 | https://www.xiaohongshu.com/explore/692d61fb000000001e025431 | https://www.xiaohongshu.com/explore/69fc6464000000001f00496f,待高德定位与去重
九曜山,2,,2283,3164,https://www.xiaohongshu.com/explore/69ef47da0000000022025398 | https://www.xiaohongshu.com/explore/69c39a300000000023025469,待高德定位与去重
卧薪尝胆遗址,2,,483,518,https://www.xiaohongshu.com/explore/692644be000000001d03b401 | https://www.xiaohongshu.com/explore/69e9a3d8000000002200c185,待高德定位与去重
大洋坞水库,2,,822,1434,https://www.xiaohongshu.com/explore/692d61fb000000001e025431 | https://www.xiaohongshu.com/explore/69227118000000001e01079f,待高德定位与去重
杨梅岭,2,yangmeiling,972,1558,https://www.xiaohongshu.com/explore/6ab4aa0b000000001a023917 | https://www.xiaohongshu.com/explore/6ab4eeb0000000001b031482,已有同名地点，仍需核对
汤屋,2,,972,1558,https://www.xiaohongshu.com/explore/6ab4aa0b000000001a023917 | https://www.xiaohongshu.com/explore/6ab4eeb0000000001b031482,待高德定位与去重
玉皇山,2,,2283,3164,https://www.xiaohongshu.com/explore/69ef47da0000000022025398 | https://www.xiaohongshu.com/explore/69c39a300000000023025469,待高德定位与去重
理安寺,2,lian-temple,972,1558,https://www.xiaohongshu.com/explore/6ab4aa0b000000001a023917 | https://www.xiaohongshu.com/explore/6ab4eeb0000000001b031482,已有同名地点，仍需核对
白鹤峰,2,,972,1558,https://www.xiaohongshu.com/explore/6ab4aa0b000000001a023917 | https://www.xiaohongshu.com/explore/6ab4eeb0000000001b031482,待高德定位与去重
真际院,2,zhenji,1958,2138,https://www.xiaohongshu.com/explore/6a9544400000000004028ed6 | https://www.xiaohongshu.com/explore/6a488d330000000021016fac,已有同名地点，仍需核对
积义亭,2,,1942,2660,https://www.xiaohongshu.com/explore/6a086053000000003802086f | https://www.xiaohongshu.com/explore/69eae3a90000000019032400,待高德定位与去重
竹坞探幽,2,,483,518,https://www.xiaohongshu.com/explore/692644be000000001d03b401 | https://www.xiaohongshu.com/explore/69e9a3d8000000002200c185,待高德定位与去重
观景台,2,,420,716,https://www.xiaohongshu.com/explore/6a05df3d00000000350299b6 | https://www.xiaohongshu.com/explore/692644be000000001d03b401,待高德定位与去重
鉴远亭,2,,822,1434,https://www.xiaohongshu.com/explore/692d61fb000000001e025431 | https://www.xiaohongshu.com/explore/69227118000000001e01079f,待高德定位与去重
飞凤岩观景台,2,,822,1434,https://www.xiaohongshu.com/explore/692d61fb000000001e025431 | https://www.xiaohongshu.com/explore/69227118000000001e01079f,待高德定位与去重
START星美术馆,1,,614,640,https://www.xiaohongshu.com/explore/69103a8f0000000004028070,待高德定位与去重
station1907,1,,614,640,https://www.xiaohongshu.com/explore/69103a8f0000000004028070,待高德定位与去重
​​,1,,453,995,https://www.xiaohongshu.com/explore/6a8ffe98000000001803c111,待高德定位与去重
一览亭先照寺牌坊,1,,298,352,https://www.xiaohongshu.com/explore/692644be000000001d03b401,待高德定位与去重
一路都是治愈系风景,1,,1069,1852,https://www.xiaohongshu.com/explore/69bfdde80000000023007f6a,待高德定位与去重
万松书院,1,wansong-academy,537,614,https://www.xiaohongshu.com/explore/69ef47da0000000022025398,已有同名地点，仍需核对
三分叉,1,,330,547,https://www.xiaohongshu.com/explore/6aa0c346000000002802c08a,待高德定位与去重
三台山路,1,,453,995,https://www.xiaohongshu.com/explore/6a8ffe98000000001803c111,待高德定位与去重
上午9点前出发,1,,4153,4975,https://www.xiaohongshu.com/explore/69dcc1dd000000001a0260eb,待高德定位与去重
上天竺公交车站,1,,453,995,https://www.xiaohongshu.com/explore/6a8ffe98000000001803c111,待高德定位与去重
上山路不会走错,1,,289,453,https://www.xiaohongshu.com/explore/69db65b7000000001a034fa8,待高德定位与去重
上满觉陇,1,,972,1558,https://www.xiaohongshu.com/explore/6ab4eeb0000000001b031482,待高德定位与去重
上香古道,1,,453,995,https://www.xiaohongshu.com/explore/6a8ffe98000000001803c111,待高德定位与去重
下山超级难打车,1,,1342,1035,https://www.xiaohongshu.com/explore/6a2aaa8c000000003502489b,待高德定位与去重
下满觉陇,1,,972,1558,https://www.xiaohongshu.com/explore/6ab4eeb0000000001b031482,待高德定位与去重
东坡洗砚池,1,,460,598,https://www.xiaohongshu.com/explore/69a1510d0000000028008d30,待高德定位与去重
中兴和园西门,1,,281,304,https://www.xiaohongshu.com/explore/67f0a50a000000000f031530,待高德定位与去重
临安·大树王国,1,,492,860,https://www.xiaohongshu.com/explore/6ab90c45000000001b01ceb8,待高德定位与去重
临安·太子尖,1,,492,860,https://www.xiaohongshu.com/explore/6ab90c45000000001b01ceb8,待高德定位与去重
临安）​,1,,266,397,https://www.xiaohongshu.com/explore/68e780d40000000007003138,待高德定位与去重
临川古道,1,,210,391,https://www.xiaohongshu.com/explore/690489950000000004006e51,待高德定位与去重
乌龟潭,1,,453,995,https://www.xiaohongshu.com/explore/6a8ffe98000000001803c111,待高德定位与去重
九溪,1,,4153,4975,https://www.xiaohongshu.com/explore/69dcc1dd000000001a0260eb,待高德定位与去重
九溪(公交站),1,,1958,2138,https://www.xiaohongshu.com/explore/6a488d330000000021016fac,待高德定位与去重
九溪公交站,1,,972,1558,https://www.xiaohongshu.com/explore/6ab4eeb0000000001b031482,待高德定位与去重
九溪公交车站,1,,419,613,https://www.xiaohongshu.com/explore/6a9544400000000004028ed6,待高德定位与去重
九溪公交车站九溪烟树,1,,419,613,https://www.xiaohongshu.com/explore/6a9544400000000004028ed6,待高德定位与去重
九溪十八涧环线,1,,2250,3019,https://www.xiaohongshu.com/explore/6a29471500000000060222c8,待高德定位与去重
乳泉公园,1,,281,304,https://www.xiaohongshu.com/explore/67f0a50a000000000f031530,待高德定位与去重
五云山,1,,4153,4975,https://www.xiaohongshu.com/explore/69dcc1dd000000001a0260eb,待高德定位与去重
仪式感直接拉满,1,,1069,1852,https://www.xiaohongshu.com/explore/69bfdde80000000023007f6a,待高德定位与去重
信息,1,,522,693,https://www.xiaohongshu.com/explore/6944a2e2000000001e000fc4,待高德定位与去重
俯瞰湘湖,1,,483,518,https://www.xiaohongshu.com/explore/69e9a3d8000000002200c185,待高德定位与去重
先照寺,1,,298,352,https://www.xiaohongshu.com/explore/692644be000000001d03b401,待高德定位与去重
光明寺水库,1,,771,1270,https://www.xiaohongshu.com/explore/692d61fb000000001e025431,待高德定位与去重
八卦田,1,,537,614,https://www.xiaohongshu.com/explore/69ef47da0000000022025398,待高德定位与去重
六和塔-虎跑,1,,2283,3164,https://www.xiaohongshu.com/explore/69c39a300000000023025469,待高德定位与去重
六和塔→大华山→虎跑公园,1,,2283,3164,https://www.xiaohongshu.com/explore/69c39a300000000023025469,待高德定位与去重
冠山亭,1,,281,304,https://www.xiaohongshu.com/explore/67f0a50a000000000f031530,待高德定位与去重
冠山公园,1,guanshan-park,281,304,https://www.xiaohongshu.com/explore/67f0a50a000000000f031530,已有同名地点，仍需核对
冠山禅寺,1,,281,304,https://www.xiaohongshu.com/explore/67f0a50a000000000f031530,待高德定位与去重
凤凰山,1,,537,614,https://www.xiaohongshu.com/explore/69ef47da0000000022025398,待高德定位与去重
凤凰山游步道,1,,1942,2660,https://www.xiaohongshu.com/explore/6a086053000000003802086f,待高德定位与去重
北高峰,1,beigaofeng,2283,3164,https://www.xiaohongshu.com/explore/69c39a300000000023025469,已有同名地点，仍需核对
千与千寻同款汤屋,1,,972,1558,https://www.xiaohongshu.com/explore/6ab4eeb0000000001b031482,待高德定位与去重
午潮山小金刚,1,,2250,3019,https://www.xiaohongshu.com/explore/6a29471500000000060222c8,待高德定位与去重
半山亭,1,,460,598,https://www.xiaohongshu.com/explore/69a1510d0000000028008d30,待高德定位与去重
历史文化的熏陶,1,,822,1434,https://www.xiaohongshu.com/explore/69227118000000001e01079f,待高德定位与去重
古树群与七古广场,1,,210,391,https://www.xiaohongshu.com/explore/690489950000000004006e51,待高德定位与去重
古道入口（入口和出口靠近）,1,,822,1434,https://www.xiaohongshu.com/explore/69227118000000001e01079f,待高德定位与去重
古道石阶,1,,420,716,https://www.xiaohongshu.com/explore/6a05df3d00000000350299b6,待高德定位与去重
台州·水桶岙,1,,492,860,https://www.xiaohongshu.com/explore/6ab90c45000000001b01ceb8,待高德定位与去重
台州水桶岙海岸线,1,,572,752,https://www.xiaohongshu.com/explore/6a55e99e0000000007028590,待高德定位与去重
吴山-万松岭,1,,2283,3164,https://www.xiaohongshu.com/explore/69c39a300000000023025469,待高德定位与去重
吴山大观,1,wushandguan,1942,2660,https://www.xiaohongshu.com/explore/6a086053000000003802086f,已有同名地点，仍需核对
吴山广场,1,,537,614,https://www.xiaohongshu.com/explore/69ef47da0000000022025398,待高德定位与去重
吴山广场（地铁7号线可直达）,1,,537,614,https://www.xiaohongshu.com/explore/69ef47da0000000022025398,待高德定位与去重
嘉兴南北湖土狗线,1,,572,752,https://www.xiaohongshu.com/explore/6a55e99e0000000007028590,待高德定位与去重
四眼井公交站,1,,972,1558,https://www.xiaohongshu.com/explore/6ab4eeb0000000001b031482,待高德定位与去重
因施工,1,,289,453,https://www.xiaohongshu.com/explore/69db65b7000000001a034fa8,待高德定位与去重
圣寿无疆,1,,460,598,https://www.xiaohongshu.com/explore/69a1510d0000000028008d30,待高德定位与去重
地铁 3 号线黄龙洞站 B 口,1,,860,972,https://www.xiaohongshu.com/explore/6ab4aa0b000000001a023917,待高德定位与去重
地铁或打车到吴山广场,1,,239,297,https://www.xiaohongshu.com/explore/69e19608000000001a0204f8,待高德定位与去重
城山广场,1,,483,518,https://www.xiaohongshu.com/explore/69e9a3d8000000002200c185,待高德定位与去重
城隍阁,1,chenghuangge,537,614,https://www.xiaohongshu.com/explore/69ef47da0000000022025398,已有同名地点，仍需核对
多样的自然景观,1,,822,1434,https://www.xiaohongshu.com/explore/69227118000000001e01079f,待高德定位与去重
大垟坞水库（杭州小九寨）,1,,420,716,https://www.xiaohongshu.com/explore/6a05df3d00000000350299b6,待高德定位与去重
大德岭,1,,822,1434,https://www.xiaohongshu.com/explore/69227118000000001e01079f,待高德定位与去重
大鱼线全程（全景轻徒步,1,,397,644,https://www.xiaohongshu.com/explore/69f98915000000001f004705,待高德定位与去重
天池,1,,210,391,https://www.xiaohongshu.com/explore/690489950000000004006e51,待高德定位与去重
太子湾-八卦田遗址（西湖区）,1,,237,256,https://www.xiaohongshu.com/explore/6a9e812600000000110320f1,待高德定位与去重
娘娘山环线,1,,2250,3019,https://www.xiaohongshu.com/explore/6a29471500000000060222c8,待高德定位与去重
宁波·东盘山,1,,492,860,https://www.xiaohongshu.com/explore/6ab90c45000000001b01ceb8,待高德定位与去重
定位,1,,1069,1852,https://www.xiaohongshu.com/explore/69bfdde80000000023007f6a,待高德定位与去重
宝石山,1,,2283,3164,https://www.xiaohongshu.com/explore/69c39a300000000023025469,待高德定位与去重
宝石般的水库风光,1,,822,1434,https://www.xiaohongshu.com/explore/69227118000000001e01079f,待高德定位与去重
富阳杏梅尖环线,1,,572,752,https://www.xiaohongshu.com/explore/6a55e99e0000000007028590,待高德定位与去重
山林蚊虫较多,1,,285,347,https://www.xiaohongshu.com/explore/6a8ebea8000000002a03bf5e,待高德定位与去重
山脊漫步,1,,624,855,https://www.xiaohongshu.com/explore/68fb56d50000000004013e45,待高德定位与去重
山里绿植多、巨多蚊子🦟,1,,1342,1035,https://www.xiaohongshu.com/explore/6a2aaa8c000000003502489b,待高德定位与去重
山顶行走（图12）,1,,483,518,https://www.xiaohongshu.com/explore/69e9a3d8000000002200c185,待高德定位与去重
引鹭桥,1,,298,352,https://www.xiaohongshu.com/explore/692644be000000001d03b401,待高德定位与去重
径山古道,1,jingshan-trail,255,311,https://www.xiaohongshu.com/explore/69fc6464000000001f00496f,已有同名地点，仍需核对
径山寺,1,jingshan-temple,460,598,https://www.xiaohongshu.com/explore/69a1510d0000000028008d30,已有同名地点，仍需核对
径山寺（余杭区）,1,,237,256,https://www.xiaohongshu.com/explore/6a9e812600000000110320f1,待高德定位与去重
徐汇滨江绿地,1,,614,640,https://www.xiaohongshu.com/explore/69103a8f0000000004028070,待高德定位与去重
徽杭古道,1,,255,311,https://www.xiaohongshu.com/explore/69fc6464000000001f00496f,待高德定位与去重
徽杭古道（永来村 - 江南村）,1,,572,752,https://www.xiaohongshu.com/explore/6a55e99e0000000007028590,待高德定位与去重
抱朴道院,1,baopu,2283,3164,https://www.xiaohongshu.com/explore/69c39a300000000023025469,已有同名地点，仍需核对
抵达石梯古村,1,,1187,1954,https://www.xiaohongshu.com/explore/69aa37ee000000001d011d1c,待高德定位与去重
指南村,1,,210,391,https://www.xiaohongshu.com/explore/690489950000000004006e51,待高德定位与去重
指南村天池,1,,210,391,https://www.xiaohongshu.com/explore/690489950000000004006e51,待高德定位与去重
挹翠亭,1,,771,1270,https://www.xiaohongshu.com/explore/692d61fb000000001e025431,待高德定位与去重
探秘王殿遗址,1,,1187,1954,https://www.xiaohongshu.com/explore/69aa37ee000000001d011d1c,待高德定位与去重
整条山路全程无小卖部,1,,1342,1035,https://www.xiaohongshu.com/explore/6a2aaa8c000000003502489b,待高德定位与去重
景观亭,1,,298,352,https://www.xiaohongshu.com/explore/692644be000000001d03b401,待高德定位与去重
最后一段有少量乱石堆,1,,348,589,https://www.xiaohongshu.com/explore/68a346e1000000001b034d2f,待高德定位与去重
有吃有玩完全不无聊,1,,1069,1852,https://www.xiaohongshu.com/explore/69bfdde80000000023007f6a,待高德定位与去重
望湖亭,1,,298,352,https://www.xiaohongshu.com/explore/692644be000000001d03b401,待高德定位与去重
杨堤,1,,298,352,https://www.xiaohongshu.com/explore/692644be000000001d03b401,待高德定位与去重
杨梅岭｜茶山小村落,1,,860,972,https://www.xiaohongshu.com/explore/6ab4aa0b000000001a023917,待高德定位与去重
杭州·豆腐皮古道,1,,492,860,https://www.xiaohongshu.com/explore/6ab90c45000000001b01ceb8,待高德定位与去重
杭州九溪十八涧环线,1,,572,752,https://www.xiaohongshu.com/explore/6a55e99e0000000007028590,待高德定位与去重
杭州西湖标毅线,1,,572,752,https://www.xiaohongshu.com/explore/6a55e99e0000000007028590,待高德定位与去重
杭州西湖爱心线,1,,572,752,https://www.xiaohongshu.com/explore/6a55e99e0000000007028590,待高德定位与去重
杭州西湖风景名胜区-理安寺,1,,1958,2138,https://www.xiaohongshu.com/explore/6a488d330000000021016fac,待高德定位与去重
枕流桥,1,,298,352,https://www.xiaohongshu.com/explore/692644be000000001d03b401,待高德定位与去重
林隐西庐,1,,765,1002,https://www.xiaohongshu.com/explore/69eae3a90000000019032400,待高德定位与去重
梅家坞,1,meijiawu,460,598,https://www.xiaohongshu.com/explore/69a1510d0000000028008d30,已有同名地点，仍需核对
梯田,1,,210,391,https://www.xiaohongshu.com/explore/690489950000000004006e51,待高德定位与去重
梯田观景台,1,,210,391,https://www.xiaohongshu.com/explore/690489950000000004006e51,待高德定位与去重
横渡村起点银杏,1,,210,391,https://www.xiaohongshu.com/explore/690489950000000004006e51,待高德定位与去重
步道包含部分泥土路面,1,,285,347,https://www.xiaohongshu.com/explore/6a8ebea8000000002a03bf5e,待高德定位与去重
水澄桥→八卦田→福星观→万松书院,1,,2283,3164,https://www.xiaohongshu.com/explore/69c39a300000000023025469,待高德定位与去重
江湖汇观亭,1,,1942,2660,https://www.xiaohongshu.com/explore/6a086053000000003802086f,待高德定位与去重
油罐艺术中心,1,,614,640,https://www.xiaohongshu.com/explore/69103a8f0000000004028070,待高德定位与去重
沿越王路一直走,1,,289,453,https://www.xiaohongshu.com/explore/69db65b7000000001a034fa8,待高德定位与去重
沿路继续向前走,1,,289,453,https://www.xiaohongshu.com/explore/69db65b7000000001a034fa8,待高德定位与去重
法净寺,1,,453,995,https://www.xiaohongshu.com/explore/6a8ffe98000000001803c111,待高德定位与去重
法喜寺,1,faxi,453,995,https://www.xiaohongshu.com/explore/6a8ffe98000000001803c111,已有同名地点，仍需核对
法镜寺,1,,453,995,https://www.xiaohongshu.com/explore/6a8ffe98000000001803c111,待高德定位与去重
浙江·大洋山岛,1,,492,860,https://www.xiaohongshu.com/explore/6ab90c45000000001b01ceb8,待高德定位与去重
浴鹄湾,1,,453,995,https://www.xiaohongshu.com/explore/6a8ffe98000000001803c111,待高德定位与去重
温州雁荡山五老巅龙脊穿越,1,,572,752,https://www.xiaohongshu.com/explore/6a55e99e0000000007028590,待高德定位与去重
湖山广场,1,,298,352,https://www.xiaohongshu.com/explore/692644be000000001d03b401,待高德定位与去重
湖州莫干山小环线,1,,572,752,https://www.xiaohongshu.com/explore/6a55e99e0000000007028590,待高德定位与去重
湖心云影（湖中央水鸟+云影）,1,,1450,1343,https://www.xiaohongshu.com/explore/6a0a94c90000000006030438,待高德定位与去重
湖桥拾梦（各式古桥）,1,,1450,1343,https://www.xiaohongshu.com/explore/6a0a94c90000000006030438,待高德定位与去重
湘堤卧波（湘湖长堤六桥）,1,,1450,1343,https://www.xiaohongshu.com/explore/6a0a94c90000000006030438,待高德定位与去重
湘湖总面积大,1,,293,284,https://www.xiaohongshu.com/explore/6925366c00000000190251bb,待高德定位与去重
湘湖环湖绿道（萧山区）,1,,237,256,https://www.xiaohongshu.com/explore/6a9e812600000000110320f1,待高德定位与去重
湘湖老虎洞,1,,2250,3019,https://www.xiaohongshu.com/explore/6a29471500000000060222c8,待高德定位与去重
满觉陇,1,,860,972,https://www.xiaohongshu.com/explore/6ab4aa0b000000001a023917,待高德定位与去重
"满觉陇｜新西湖十景 ""满陇桂雨""",1,,860,972,https://www.xiaohongshu.com/explore/6ab4aa0b000000001a023917,待高德定位与去重
滨江滑板公园,1,,614,640,https://www.xiaohongshu.com/explore/69103a8f0000000004028070,待高德定位与去重
灵隐寺检票口,1,,453,995,https://www.xiaohongshu.com/explore/6a8ffe98000000001803c111,待高德定位与去重
点将台,1,,483,518,https://www.xiaohongshu.com/explore/69e9a3d8000000002200c185,待高德定位与去重
狮峰,1,,460,598,https://www.xiaohongshu.com/explore/69a1510d0000000028008d30,待高德定位与去重
王殿遗址,1,,599,1030,https://www.xiaohongshu.com/explore/6925190b000000001e021a0a,待高德定位与去重
电影字幕框,1,,614,640,https://www.xiaohongshu.com/explore/69103a8f0000000004028070,待高德定位与去重
白蛇飞渡木栈道,1,,1942,2660,https://www.xiaohongshu.com/explore/6a086053000000003802086f,待高德定位与去重
白蛇飞渡桥,1,,765,1002,https://www.xiaohongshu.com/explore/69eae3a90000000019032400,待高德定位与去重
白鹤峰秋千｜山顶荡个秋千,1,,860,972,https://www.xiaohongshu.com/explore/6ab4aa0b000000001a023917,待高德定位与去重
百步街,1,,419,613,https://www.xiaohongshu.com/explore/6a9544400000000004028ed6,待高德定位与去重
眉廊,1,,281,304,https://www.xiaohongshu.com/explore/67f0a50a000000000f031530,待高德定位与去重
真迹院,1,,330,547,https://www.xiaohongshu.com/explore/6aa0c346000000002802c08a,待高德定位与去重
石凉亭,1,,599,1030,https://www.xiaohongshu.com/explore/6925190b000000001e021a0a,待高德定位与去重
石屋洞,1,,972,1558,https://www.xiaohongshu.com/explore/6ab4eeb0000000001b031482,待高德定位与去重
石栈道,1,,298,352,https://www.xiaohongshu.com/explore/692644be000000001d03b401,待高德定位与去重
石梯古村落,1,,599,1030,https://www.xiaohongshu.com/explore/6925190b000000001e021a0a,待高德定位与去重
石梯峡谷,1,,599,1030,https://www.xiaohongshu.com/explore/6925190b000000001e021a0a,待高德定位与去重
石梯弄口,1,,599,1030,https://www.xiaohongshu.com/explore/6925190b000000001e021a0a,待高德定位与去重
石舍村,1,,419,613,https://www.xiaohongshu.com/explore/6a9544400000000004028ed6,待高德定位与去重
石门村·猷溪谷（进阶溯溪,1,,397,644,https://www.xiaohongshu.com/explore/69f98915000000001f004705,待高德定位与去重
秋天的湘湖杉林渐渐变黄,1,,293,284,https://www.xiaohongshu.com/explore/6925366c00000000190251bb,待高德定位与去重
穿越千年遗址,1,,483,518,https://www.xiaohongshu.com/explore/69e9a3d8000000002200c185,待高德定位与去重
竹林小径,1,,420,716,https://www.xiaohongshu.com/explore/6a05df3d00000000350299b6,待高德定位与去重
精简版（时间不够选这个,1,,1450,1343,https://www.xiaohongshu.com/explore/6a0a94c90000000006030438,待高德定位与去重
绍兴·梅坞古道,1,,492,860,https://www.xiaohongshu.com/explore/6ab90c45000000001b01ceb8,待高德定位与去重
绍兴·飞鹰道,1,,492,860,https://www.xiaohongshu.com/explore/6ab90c45000000001b01ceb8,待高德定位与去重
翠竹千竿,1,,2283,3164,https://www.xiaohongshu.com/explore/69c39a300000000023025469,待高德定位与去重
老和云起→老和山→北高峰→法华寺,1,,2283,3164,https://www.xiaohongshu.com/explore/69c39a300000000023025469,待高德定位与去重
芦茨村,1,,419,613,https://www.xiaohongshu.com/explore/6a9544400000000004028ed6,待高德定位与去重
花港观鱼南门→太子湾→九曜阁→南山路,1,,2283,3164,https://www.xiaohongshu.com/explore/69c39a300000000023025469,待高德定位与去重
茅家坞,1,,453,995,https://www.xiaohongshu.com/explore/6a8ffe98000000001803c111,待高德定位与去重
茆坪村,1,,419,613,https://www.xiaohongshu.com/explore/6a9544400000000004028ed6,待高德定位与去重
茶园段,1,,420,716,https://www.xiaohongshu.com/explore/6a05df3d00000000350299b6,待高德定位与去重
荷花庄,1,,483,518,https://www.xiaohongshu.com/explore/69e9a3d8000000002200c185,待高德定位与去重
虎跑公园,1,hupao-park,3264,3513,https://www.xiaohongshu.com/explore/69e76fca00000000220273c8,已有同名地点，仍需核对
西岸美术馆,1,,614,640,https://www.xiaohongshu.com/explore/69103a8f0000000004028070,待高德定位与去重
西岸艺术中心,1,,614,640,https://www.xiaohongshu.com/explore/69103a8f0000000004028070,待高德定位与去重
西湖,1,,460,598,https://www.xiaohongshu.com/explore/69a1510d0000000028008d30,待高德定位与去重
西湖Q马线,1,,2250,3019,https://www.xiaohongshu.com/explore/6a29471500000000060222c8,待高德定位与去重
西湖圣诞树线,1,,2250,3019,https://www.xiaohongshu.com/explore/6a29471500000000060222c8,待高德定位与去重
西湖小松鼠线,1,,2250,3019,https://www.xiaohongshu.com/explore/6a29471500000000060222c8,待高德定位与去重
西湖小猪线,1,,2250,3019,https://www.xiaohongshu.com/explore/6a29471500000000060222c8,待高德定位与去重
西湖小猫线,1,,2250,3019,https://www.xiaohongshu.com/explore/6a29471500000000060222c8,待高德定位与去重
西湖心碎线,1,,2250,3019,https://www.xiaohongshu.com/explore/6a29471500000000060222c8,待高德定位与去重
西湖标毅线,1,,2250,3019,https://www.xiaohongshu.com/explore/6a29471500000000060222c8,待高德定位与去重
西湖爱心线,1,,2250,3019,https://www.xiaohongshu.com/explore/6a29471500000000060222c8,待高德定位与去重
西湖环湖精华段（西湖区）,1,,237,256,https://www.xiaohongshu.com/explore/6a9e812600000000110320f1,待高德定位与去重
西溪湿地慢游（西湖区）,1,,237,256,https://www.xiaohongshu.com/explore/6a9e812600000000110320f1,待高德定位与去重
诸暨·走马岗,1,,492,860,https://www.xiaohongshu.com/explore/6ab90c45000000001b01ceb8,待高德定位与去重
走就不会错,1,,822,1434,https://www.xiaohongshu.com/explore/69227118000000001e01079f,待高德定位与去重
越堤夕照（越堤落日）,1,,1450,1343,https://www.xiaohongshu.com/explore/6a0a94c90000000006030438,待高德定位与去重
越王祠,1,,483,518,https://www.xiaohongshu.com/explore/69e9a3d8000000002200c185,待高德定位与去重
越王路,1,,298,352,https://www.xiaohongshu.com/explore/692644be000000001d03b401,待高德定位与去重
路况对娃较友好,1,,1069,1852,https://www.xiaohongshu.com/explore/69bfdde80000000023007f6a,待高德定位与去重
转 87 路赏桂专线,1,,860,972,https://www.xiaohongshu.com/explore/6ab4aa0b000000001a023917,待高德定位与去重
返回大洋坞水库,1,,822,1434,https://www.xiaohongshu.com/explore/69227118000000001e01079f,待高德定位与去重
返回横渡村,1,,210,391,https://www.xiaohongshu.com/explore/690489950000000004006e51,待高德定位与去重
还有湘湖的桥数不胜数,1,,293,284,https://www.xiaohongshu.com/explore/6925366c00000000190251bb,待高德定位与去重
进善亭,1,,460,598,https://www.xiaohongshu.com/explore/69a1510d0000000028008d30,待高德定位与去重
迷人的观景台,1,,822,1434,https://www.xiaohongshu.com/explore/69227118000000001e01079f,待高德定位与去重
道渊亭,1,,460,598,https://www.xiaohongshu.com/explore/69a1510d0000000028008d30,待高德定位与去重
邂逅“小瑞士,1,,624,855,https://www.xiaohongshu.com/explore/68fb56d50000000004013e45,待高德定位与去重
邵家,1,,419,613,https://www.xiaohongshu.com/explore/6a9544400000000004028ed6,待高德定位与去重
郭庄公交车站,1,,453,995,https://www.xiaohongshu.com/explore/6a8ffe98000000001803c111,待高德定位与去重
里黄弹,1,,599,1030,https://www.xiaohongshu.com/explore/6925190b000000001e021a0a,待高德定位与去重
野猫路古道,1,,599,1030,https://www.xiaohongshu.com/explore/6925190b000000001e021a0a,待高德定位与去重
钟塔岭古道,1,,599,1030,https://www.xiaohongshu.com/explore/6925190b000000001e021a0a,待高德定位与去重
钟塔村,1,,599,1030,https://www.xiaohongshu.com/explore/6925190b000000001e021a0a,待高德定位与去重
长桥公园,1,,537,614,https://www.xiaohongshu.com/explore/69ef47da0000000022025398,待高德定位与去重
霁虹桥,1,,453,995,https://www.xiaohongshu.com/explore/6a8ffe98000000001803c111,待高德定位与去重
青山湖环湖绿道（临安区）,1,,237,256,https://www.xiaohongshu.com/explore/6a9e812600000000110320f1,待高德定位与去重
风浙线(疯浙线),1,,2250,3019,https://www.xiaohongshu.com/explore/6a29471500000000060222c8,待高德定位与去重
马岭古道（桐庐段）,1,,255,311,https://www.xiaohongshu.com/explore/69fc6464000000001f00496f,待高德定位与去重
鸬鸟山环线,1,,2250,3019,https://www.xiaohongshu.com/explore/6a29471500000000060222c8,待高德定位与去重
麦当劳中国汉堡大学,1,,614,640,https://www.xiaohongshu.com/explore/69103a8f0000000004028070,待高德定位与去重
黄弹村出发,1,,1187,1954,https://www.xiaohongshu.com/explore/69aa37ee000000001d011d1c,待高德定位与去重
黄龙洞,1,huanglong-cave,2283,3164,https://www.xiaohongshu.com/explore/69c39a300000000023025469,已有同名地点，仍需核对
黄龙洞→翠竹千竿→宝石山→抱朴道院,1,,2283,3164,https://www.xiaohongshu.com/explore/69c39a300000000023025469,待高德定位与去重
黛色参天亭,1,,453,995,https://www.xiaohongshu.com/explore/6a8ffe98000000001803c111,待高德定位与去重
鼓楼→城隍阁→江湖汇观亭→大马弄,1,,2283,3164,https://www.xiaohongshu.com/explore/69c39a300000000023025469,待高德定位与去重
龙上村·龙鳞坝（亲子首选,1,,397,644,https://www.xiaohongshu.com/explore/69f98915000000001f004705,待高德定位与去重
龙坞茶园,1,,771,1270,https://www.xiaohongshu.com/explore/692d61fb000000001e025431,待高德定位与去重
龙美术馆,1,,614,640,https://www.xiaohongshu.com/explore/69103a8f0000000004028070,待高德定位与去重
🔄环线路径,1,,483,518,https://www.xiaohongshu.com/explore/69e9a3d8000000002200c185,待高德定位与去重
🔸徽杭古道（绩溪,1,,266,397,https://www.xiaohongshu.com/explore/68e780d40000000007003138,待高德定位与去重
